,Sampler,Model,num_grads_to_low_error,max,statistic,num_tuning_grads,L,step_size
0,adjusted_microcanonical,Phi4_L8_lam2.921,5191.413674977259,True,x2,92456.9296875,12.238115654458714,2.9835267080830574
1,adjusted_microcanonical,Phi4_L8_lam2.921,792.0496753127359,False,x2,92456.9296875,12.238115654458714,2.9835267080830574
2,adjusted_microcanonical,Phi4_L8_lam2.921,5926.008969697361,True,x,92456.9296875,12.238115654458714,2.9835267080830574
3,adjusted_microcanonical,Phi4_L8_lam2.921,1038.2827349954516,False,x,92456.9296875,12.238115654458714,2.9835267080830574
