,Sampler,Model,num_grads_to_low_error,max,statistic,num_tuning_grads,L,step_size
0,nuts_mclachlan,Phi4_L16_lam6.242,53361.0,True,x2,89199.0,6.946617450881861,0.31789955077041065
1,nuts_mclachlan,Phi4_L16_lam6.242,6446.88,False,x2,89199.0,6.946617450881861,0.31789955077041065
2,nuts_mclachlan,Phi4_L16_lam6.242,55800.36,True,x,89199.0,6.946617450881861,0.31789955077041065
3,nuts_mclachlan,Phi4_L16_lam6.242,6838.92,False,x,89199.0,6.946617450881861,0.31789955077041065
