,Sampler,Model,num_grads_to_low_error,max,statistic,num_tuning_grads,L,step_size
0,nuts,Phi4_L16_lam3.965,43810.6967625,True,x2,81650.1640625,3.0637143427029354,0.20157885143835286
1,nuts,Phi4_L16_lam3.965,2740.071375,False,x2,81650.1640625,3.0637143427029354,0.20157885143835286
2,nuts,Phi4_L16_lam3.965,57693.7250625,True,x,81650.1640625,3.0637143427029354,0.20157885143835286
3,nuts,Phi4_L16_lam3.965,3440.3118375,False,x,81650.1640625,3.0637143427029354,0.20157885143835286
