,Sampler,Model,num_grads_to_low_error,max,statistic,num_tuning_grads,L,step_size
0,nuts_mclachlan,Phi4_L8_lam5.957,21181.5648,True,x2,80955.0,3.0668335909773874,0.39956269787034415
1,nuts_mclachlan,Phi4_L8_lam5.957,2522.7136,False,x2,80955.0,3.0668335909773874,0.39956269787034415
2,nuts_mclachlan,Phi4_L8_lam5.957,17858.9664,True,x,80955.0,3.0668335909773874,0.39956269787034415
3,nuts_mclachlan,Phi4_L8_lam5.957,2491.9488,False,x,80955.0,3.0668335909773874,0.39956269787034415
