,Sampler,Model,num_grads_to_low_error,max,statistic,num_tuning_grads,L,step_size
0,nuts,Phi4_L8_lam8.234,13820.053125000002,True,x2,71485.265625,3.890610483284643,0.25901479173807873
1,nuts,Phi4_L8_lam8.234,2313.3567187500003,False,x2,71485.265625,3.890610483284643,0.25901479173807873
2,nuts,Phi4_L8_lam8.234,14240.663437500001,True,x,71485.265625,3.890610483284643,0.25901479173807873
3,nuts,Phi4_L8_lam8.234,2523.6618750000002,False,x,71485.265625,3.890610483284643,0.25901479173807873
