,Sampler,Model,num_grads_to_low_error,max,statistic,num_tuning_grads,L,step_size
0,nuts_velocity_verlet,Phi4_L8_lam3.680,21999.620000000003,True,x2,58088.75,3.8044190942225184,0.26456853584041384
1,nuts_velocity_verlet,Phi4_L8_lam3.680,2407.7760000000003,False,x2,58088.75,3.8044190942225184,0.26456853584041384
2,nuts_velocity_verlet,Phi4_L8_lam3.680,21913.628,True,x,58088.75,3.8044190942225184,0.26456853584041384
3,nuts_velocity_verlet,Phi4_L8_lam3.680,3052.7160000000003,False,x,58088.75,3.8044190942225184,0.26456853584041384
