,Sampler,Model,num_grads_to_low_error,max,statistic,num_tuning_grads,L,step_size
0,nuts_mclachlan,Phi4_L32_lam4.107,759532.6332,True,x2,97736.5,6.316922498063986,0.32236394780852684
1,nuts_mclachlan,Phi4_L32_lam4.107,8606.3784,False,x2,97736.5,6.316922498063986,0.32236394780852684
2,nuts_mclachlan,Phi4_L32_lam4.107,657361.4988,True,x,97736.5,6.316922498063986,0.32236394780852684
3,nuts_mclachlan,Phi4_L32_lam4.107,10935.6276,False,x,97736.5,6.316922498063986,0.32236394780852684
