,Sampler,Model,num_grads_to_low_error,max,statistic,num_tuning_grads,L,step_size
0,nuts_velocity_verlet,Phi4_L32_lam4.676,387773.25480000005,True,x2,201675.0,5.823025768875617,0.12045846653116757
1,nuts_velocity_verlet,Phi4_L32_lam4.676,7513.8796,False,x2,201675.0,5.823025768875617,0.12045846653116757
2,nuts_velocity_verlet,Phi4_L32_lam4.676,393812.89220000006,True,x,201675.0,5.823025768875617,0.12045846653116757
3,nuts_velocity_verlet,Phi4_L32_lam4.676,8322.335000000001,False,x,201675.0,5.823025768875617,0.12045846653116757
