,Sampler,Model,num_grads_to_low_error,max,statistic,num_tuning_grads,L,step_size
0,nuts_mclachlan,Phi4_L8_lam3.680,32399.87,True,x2,70944.0,3.5014386749440716,0.4972063537954561
1,nuts_mclachlan,Phi4_L8_lam3.680,2324.3385,False,x2,70944.0,3.5014386749440716,0.4972063537954561
2,nuts_mclachlan,Phi4_L8_lam3.680,29962.8363,True,x,70944.0,3.5014386749440716,0.4972063537954561
3,nuts_mclachlan,Phi4_L8_lam3.680,3155.4656,False,x,70944.0,3.5014386749440716,0.4972063537954561
