,Sampler,Model,num_grads_to_low_error,max,statistic,num_tuning_grads,L,step_size
0,nuts,Phi4_L8_lam6.716,13848.331312499999,True,x2,73217.7734375,3.7209499623563147,0.24611184040561007
1,nuts,Phi4_L8_lam6.716,2252.621578125,False,x2,73217.7734375,3.7209499623563147,0.24611184040561007
2,nuts,Phi4_L8_lam6.716,14710.072453125,True,x,73217.7734375,3.7209499623563147,0.24611184040561007
3,nuts,Phi4_L8_lam6.716,2570.1051562499997,False,x,73217.7734375,3.7209499623563147,0.24611184040561007
