,Sampler,Model,num_grads_to_low_error,max,statistic,num_tuning_grads,L,step_size
0,nuts,Phi4_L32_lam4.866,125220.0592,True,x2,207539.5,3.7718468302020556,0.11910328593117853
1,nuts,Phi4_L32_lam4.866,5602.6164,False,x2,207539.5,3.7718468302020556,0.11910328593117853
2,nuts,Phi4_L32_lam4.866,117180.14640000001,True,x,207539.5,3.7718468302020556,0.11910328593117853
3,nuts,Phi4_L32_lam4.866,5950.801600000001,False,x,207539.5,3.7718468302020556,0.11910328593117853
