,Sampler,Model,num_grads_to_low_error,max,statistic,num_tuning_grads,L,step_size
0,nuts_mclachlan,Phi4_L8_lam7.475,15520.1748,True,x2,79757.5,3.3025856339826842,0.40869226396992314
1,nuts_mclachlan,Phi4_L8_lam7.475,2689.2996000000003,False,x2,79757.5,3.3025856339826842,0.40869226396992314
2,nuts_mclachlan,Phi4_L8_lam7.475,15941.390400000002,True,x,79757.5,3.3025856339826842,0.40869226396992314
3,nuts_mclachlan,Phi4_L8_lam7.475,2818.9044000000004,False,x,79757.5,3.3025856339826842,0.40869226396992314
