,Sampler,Model,num_grads_to_low_error,max,statistic,num_tuning_grads,L,step_size
0,nuts_omelyan,Phi4_L16_lam3.585,42180.336,True,x2,91067.5,3.2900194086738344,1.009311704636727
1,nuts_omelyan,Phi4_L16_lam3.585,2618.88,False,x2,91067.5,3.2900194086738344,1.009311704636727
2,nuts_omelyan,Phi4_L16_lam3.585,48956.68800000001,True,x,91067.5,3.2900194086738344,1.009311704636727
3,nuts_omelyan,Phi4_L16_lam3.585,2864.4000000000005,False,x,91067.5,3.2900194086738344,1.009311704636727
