,Sampler,Model,num_grads_to_low_error,max,statistic,num_tuning_grads,L,step_size
0,nuts_omelyan,Phi4_L8_lam7.475,26801.209999999995,True,x2,94806.25,4.990094296702972,0.8677738049880814
1,nuts_omelyan,Phi4_L8_lam7.475,4631.9482499999995,False,x2,94806.25,4.990094296702972,0.8677738049880814
2,nuts_omelyan,Phi4_L8_lam7.475,32889.745749999995,True,x,94806.25,4.990094296702972,0.8677738049880814
3,nuts_omelyan,Phi4_L8_lam7.475,4690.2117499999995,False,x,94806.25,4.990094296702972,0.8677738049880814
