,Sampler,Model,num_grads_to_low_error,max,statistic,num_tuning_grads,L,step_size
0,nuts_mclachlan,Phi4_L8_lam6.716,20407.31,True,x2,80352.5,3.166394953717954,0.40649164190496667
1,nuts_mclachlan,Phi4_L8_lam6.716,2587.94,False,x2,80352.5,3.166394953717954,0.40649164190496667
2,nuts_mclachlan,Phi4_L8_lam6.716,18022.04,True,x,80352.5,3.166394953717954,0.40649164190496667
3,nuts_mclachlan,Phi4_L8_lam6.716,2728.2500000000005,False,x,80352.5,3.166394953717954,0.40649164190496667
