,Sampler,Model,num_grads_to_low_error,max,statistic,num_tuning_grads,L,step_size
0,nuts_omelyan,Phi4_L64_lam4.558,inf,True,x2,40178.75,7.136778920821209,0.5133612749356764
1,nuts_omelyan,Phi4_L64_lam4.558,12695.900000000001,False,x2,40178.75,7.136778920821209,0.5133612749356764
2,nuts_omelyan,Phi4_L64_lam4.558,inf,True,x,40178.75,7.136778920821209,0.5133612749356764
3,nuts_omelyan,Phi4_L64_lam4.558,13602.750000000002,False,x,40178.75,7.136778920821209,0.5133612749356764
