,Sampler,Model,num_grads_to_low_error,max,statistic,num_tuning_grads,L,step_size
0,nuts_mclachlan,Phi4_L8_lam2.921,17934.795400000003,True,x2,61440.5,4.434682847777076,0.634028427102868
1,nuts_mclachlan,Phi4_L8_lam2.921,2322.2902000000004,False,x2,61440.5,4.434682847777076,0.634028427102868
2,nuts_mclachlan,Phi4_L8_lam2.921,17529.094100000002,True,x,61440.5,4.434682847777076,0.634028427102868
3,nuts_mclachlan,Phi4_L8_lam2.921,2965.8164,False,x,61440.5,4.434682847777076,0.634028427102868
