,Sampler,Model,num_grads_to_low_error,max,statistic,num_tuning_grads,L,step_size
0,nuts_omelyan,Phi4_L32_lam5.246,249520.92000000004,True,x2,248936.25,10.087794921600649,0.6244966959716449
1,nuts_omelyan,Phi4_L32_lam5.246,11779.616000000002,False,x2,248936.25,10.087794921600649,0.6244966959716449
2,nuts_omelyan,Phi4_L32_lam5.246,263210.74400000006,True,x,248936.25,10.087794921600649,0.6244966959716449
3,nuts_omelyan,Phi4_L32_lam5.246,12575.536000000002,False,x,248936.25,10.087794921600649,0.6244966959716449
