,Sampler,Model,num_grads_to_low_error,max,statistic,num_tuning_grads,L,step_size
0,nuts_omelyan,Phi4_L16_lam5.103,92155.70999999999,True,x2,105553.75,8.829302885392057,0.6716436723379845
1,nuts_omelyan,Phi4_L16_lam5.103,10150.484,False,x2,105553.75,8.829302885392057,0.6716436723379845
2,nuts_omelyan,Phi4_L16_lam5.103,93558.07949999999,True,x,105553.75,8.829302885392057,0.6716436723379845
3,nuts_omelyan,Phi4_L16_lam5.103,10150.484,False,x,105553.75,8.829302885392057,0.6716436723379845
