,Sampler,Model,num_grads_to_low_error,max,statistic,num_tuning_grads,L,step_size
0,nuts_mclachlan,Phi4_L8_lam4.439,27602.2747,True,x2,78509.0,2.4447844907373737,0.3165717842369026
1,nuts_mclachlan,Phi4_L8_lam4.439,4036.6963,False,x2,78509.0,2.4447844907373737,0.3165717842369026
2,nuts_mclachlan,Phi4_L8_lam4.439,49952.1685,True,x,78509.0,2.4447844907373737,0.3165717842369026
3,nuts_mclachlan,Phi4_L8_lam4.439,4332.8246,False,x,78509.0,2.4447844907373737,0.3165717842369026
