,Sampler,Model,num_grads_to_low_error,max,statistic,num_tuning_grads,L,step_size
0,nuts_omelyan,Phi4_L32_lam3.917,138690.2675,True,x2,109907.5,13.656519764615217,0.7691650100318534
1,nuts_omelyan,Phi4_L32_lam3.917,10600.53,False,x2,109907.5,13.656519764615217,0.7691650100318534
2,nuts_omelyan,Phi4_L32_lam3.917,171993.59925,True,x,109907.5,13.656519764615217,0.7691650100318534
3,nuts_omelyan,Phi4_L32_lam3.917,12013.934,False,x,109907.5,13.656519764615217,0.7691650100318534
