,Sampler,Model,num_grads_to_low_error,max,statistic,num_tuning_grads,L,step_size
0,nuts_mclachlan,Phi4_L32_lam4.676,241425.8096,True,x2,125772.0,4.764711671867036,0.2458258927647106
1,nuts_mclachlan,Phi4_L32_lam4.676,6239.786400000001,False,x2,125772.0,4.764711671867036,0.2458258927647106
2,nuts_mclachlan,Phi4_L32_lam4.676,274396.53280000004,True,x,125772.0,4.764711671867036,0.2458258927647106
3,nuts_mclachlan,Phi4_L32_lam4.676,6817.544400000001,False,x,125772.0,4.764711671867036,0.2458258927647106
