,Sampler,Model,num_grads_to_low_error,max,statistic,num_tuning_grads,L,step_size
0,nuts,Phi4_L8_lam3.680,14055.4321875,True,x2,57807.8359375,3.486502876159281,0.24818554189021896
1,nuts,Phi4_L8_lam3.680,2076.5311874999998,False,x2,57807.8359375,3.486502876159281,0.24818554189021896
2,nuts,Phi4_L8_lam3.680,16810.014375,True,x,57807.8359375,3.486502876159281,0.24818554189021896
3,nuts,Phi4_L8_lam3.680,2472.0609375,False,x,57807.8359375,3.486502876159281,0.24818554189021896
