,Sampler,Model,num_grads_to_low_error,max,statistic,num_tuning_grads,L,step_size
0,nuts_mclachlan,Phi4_L16_lam5.103,64475.78320000001,True,x2,89042.5,6.298799175883737,0.2965094319428959
1,nuts_mclachlan,Phi4_L16_lam5.103,6209.409200000001,False,x2,89042.5,6.298799175883737,0.2965094319428959
2,nuts_mclachlan,Phi4_L16_lam5.103,64518.313400000014,True,x,89042.5,6.298799175883737,0.2965094319428959
3,nuts_mclachlan,Phi4_L16_lam5.103,6677.241400000001,False,x,89042.5,6.298799175883737,0.2965094319428959
