,Sampler,Model,num_grads_to_low_error,max,statistic,num_tuning_grads,L,step_size
0,unadjusted_microcanonical,Phi4_L8_lam3.680,6104.0,True,x2,22220.0,120.81014535546907,4.704311366932441
1,unadjusted_microcanonical,Phi4_L8_lam3.680,540.0,False,x2,22220.0,120.81014535546907,4.704311366932441
2,unadjusted_microcanonical,Phi4_L8_lam3.680,6590.0,True,x,22220.0,120.81014535546907,4.704311366932441
3,unadjusted_microcanonical,Phi4_L8_lam3.680,696.0,False,x,22220.0,120.81014535546907,4.704311366932441
