,Sampler,Model,num_grads_to_low_error,grads_to_low_error_std,ess_corr,max,statistic,num_tuning_grads,L,step_size,batch_size,tuning_outcome
0,adjusted_canonical_langevin_alba_omelyan_precond:False,ICG_4642_1,348.30435248212666,11.623506355657058,,True,identity,25000.0390625,0.20488180971377637,2.056136850067314,128,success
1,adjusted_canonical_langevin_alba_omelyan_precond:False,ICG_4642_1,22.423026983827896,0.9868637190615532,,False,identity,25000.0390625,0.20488180971377637,2.056136850067314,128,success
2,adjusted_canonical_langevin_alba_omelyan_precond:False,ICG_4642_1,1590.0417578976626,81.25003076922495,,True,square,25000.0390625,0.20488180971377637,2.056136850067314,128,success
3,adjusted_canonical_langevin_alba_omelyan_precond:False,ICG_4642_1,99.65789770590176,1.1135528725660044,,False,square,25000.0390625,0.20488180971377637,2.056136850067314,128,success
