,Sampler,Model,num_grads_to_low_error,grads_to_low_error_std,ess_corr,max,statistic,num_tuning_grads,L,step_size
0,adjusted_microcanonical,rosenbrock_36d,518805.985498487,83.03581396000162,,True,covariance,967964.216796875,12.0,0.26753190642789615
1,adjusted_microcanonical,rosenbrock_36d,518805.985498487,83.03581396000162,,False,covariance,967964.216796875,12.0,0.26753190642789615
2,adjusted_microcanonical,rosenbrock_36d,75993.98974294329,63.499350390378005,,True,identity,967964.216796875,12.0,0.26753190642789615
3,adjusted_microcanonical,rosenbrock_36d,12433.747878792257,5.654201977290873,,False,identity,967964.216796875,12.0,0.26753190642789615
4,adjusted_microcanonical,rosenbrock_36d,95699.46020788842,55.65133960651801,,True,square,967964.216796875,12.0,0.26753190642789615
5,adjusted_microcanonical,rosenbrock_36d,16114.496348326427,9.964231029035808,,False,square,967964.216796875,12.0,0.26753190642789615
