,Sampler,Model,num_grads_to_low_error,ess_corr,max,statistic,num_tuning_grads,L,step_size
0,adjusted_malt,rosenbrock_36d,644497.2207967773,,True,covariance,942439.2421875,2.0,0.03773025039679542
1,adjusted_malt,rosenbrock_36d,644497.2207967773,,False,covariance,942439.2421875,2.0,0.03773025039679542
2,adjusted_malt,rosenbrock_36d,103509.83832444539,,True,identity,942439.2421875,2.0,0.03773025039679542
3,adjusted_malt,rosenbrock_36d,17711.212090350797,,False,identity,942439.2421875,2.0,0.03773025039679542
4,adjusted_malt,rosenbrock_36d,126895.0015934415,,True,square,942439.2421875,2.0,0.03773025039679542
5,adjusted_malt,rosenbrock_36d,22377.63922792825,,False,square,942439.2421875,2.0,0.03773025039679542
