,Sampler,Model,num_grads_to_low_error,ess_corr,max,statistic,num_tuning_grads,L,step_size
0,nuts,rosenbrock_36d,inf,,True,covariance,517125.328125,5.389826281320984,0.04554707894996244
1,nuts,rosenbrock_36d,inf,,False,covariance,517125.328125,5.389826281320984,0.04554707894996244
2,nuts,rosenbrock_36d,125033.91214183596,,True,identity,517125.328125,5.389826281320984,0.04554707894996244
3,nuts,rosenbrock_36d,20779.615028320317,,False,identity,517125.328125,5.389826281320984,0.04554707894996244
4,nuts,rosenbrock_36d,151869.30069269534,,True,square,517125.328125,5.389826281320984,0.04554707894996244
5,nuts,rosenbrock_36d,27072.869865468754,,False,square,517125.328125,5.389826281320984,0.04554707894996244
