,Sampler,Model,num_grads_to_low_error,ess_corr,max,statistic,num_tuning_grads,L,step_size
0,nuts,rosenbrock_36d,133867.1877847168,,True,identity,519500.8046875,5.3520563146992775,0.044982230639270745
1,nuts,rosenbrock_36d,21136.92438706055,,False,identity,519500.8046875,5.3520563146992775,0.044982230639270745
2,nuts,rosenbrock_36d,160974.9947669922,,True,square,519500.8046875,5.3520563146992775,0.044982230639270745
3,nuts,rosenbrock_36d,29137.90706464844,,False,square,519500.8046875,5.3520563146992775,0.044982230639270745
