,Sampler,Model,num_grads_to_low_error,ess_corr,max,statistic,num_tuning_grads,L,step_size
0,nuts,rosenbrock_36d,852135.2297648437,,True,covariance,517125.328125,5.389383664881426,0.04554707894996244
1,nuts,rosenbrock_36d,852135.2297648437,,False,covariance,517125.328125,5.389383664881426,0.04554707894996244
2,nuts,rosenbrock_36d,125024.16008671874,,True,identity,517125.328125,5.389383664881426,0.04554707894996244
3,nuts,rosenbrock_36d,20777.99431640625,,False,identity,517125.328125,5.389383664881426,0.04554707894996244
4,nuts,rosenbrock_36d,151857.45560390624,,True,square,517125.328125,5.389383664881426,0.04554707894996244
5,nuts,rosenbrock_36d,27070.758309375,,False,square,517125.328125,5.389383664881426,0.04554707894996244
