,Sampler,Model,num_grads_to_low_error,ess_corr,max,statistic,num_tuning_grads,L,step_size
0,underdamped_langevin_0.008483428982440725,rosenbrock_36d,inf,,True,covariance,115556.0,2.414991677349171,0.056697904115128414
1,underdamped_langevin_0.008483428982440725,rosenbrock_36d,inf,,False,covariance,115556.0,2.414991677349171,0.056697904115128414
2,underdamped_langevin_0.008483428982440725,rosenbrock_36d,inf,,True,identity,115556.0,2.414991677349171,0.056697904115128414
3,underdamped_langevin_0.008483428982440725,rosenbrock_36d,6964.0,,False,identity,115556.0,2.414991677349171,0.056697904115128414
4,underdamped_langevin_0.008483428982440725,rosenbrock_36d,inf,,True,square,115556.0,2.414991677349171,0.056697904115128414
5,underdamped_langevin_0.008483428982440725,rosenbrock_36d,9113.0,,False,square,115556.0,2.414991677349171,0.056697904115128414
