,Sampler,Model,num_grads_to_low_error,grads_to_low_error_std,ess_corr,max,statistic,num_tuning_grads,L,step_size
0,underdamped_langevin,rosenbrock_36d,423130.0,6957.008667696196,,True,covariance,915556.0,2.3817671424132625,0.03234445964238099
1,underdamped_langevin,rosenbrock_36d,423130.0,6957.008667696196,,False,covariance,915556.0,2.3817671424132625,0.03234445964238099
2,underdamped_langevin,rosenbrock_36d,82213.0,4556.946290872869,,True,identity,915556.0,2.3817671424132625,0.03234445964238099
3,underdamped_langevin,rosenbrock_36d,12250.0,368.63934081972315,,False,identity,915556.0,2.3817671424132625,0.03234445964238099
4,underdamped_langevin,rosenbrock_36d,97419.0,5869.101820176576,,True,square,915556.0,2.3817671424132625,0.03234445964238099
5,underdamped_langevin,rosenbrock_36d,17487.0,994.9442195419801,,False,square,915556.0,2.3817671424132625,0.03234445964238099
