,Sampler,Model,num_grads_to_low_error,ess_corr,max,statistic,num_tuning_grads,L,step_size
0,grid_search_hmc_omelyan,Gaussian_100,4851.000038294045,,True,identity,0.0,1.6111111111111112,1.4646464530844696
1,grid_search_hmc_omelyan,Gaussian_100,511.5000040378075,,False,identity,0.0,1.6111111111111112,1.4646464530844696
2,grid_search_hmc_omelyan,Gaussian_100,5159.000040725413,,True,square,0.0,1.6111111111111112,1.4646464530844696
3,grid_search_hmc_omelyan,Gaussian_100,704.0000055574125,,False,square,0.0,1.6111111111111112,1.4646464530844696
