,Sampler,Model,num_grads_to_low_error,ess_corr,max,statistic,num_tuning_grads,L,step_size
0,grid_search_hmc_omelyan,Gaussian_3163,5747.500045371065,,True,identity,0.0,1.7592592592592593,1.5993265867014317
1,grid_search_hmc_omelyan,Gaussian_3163,368.50000290895827,,False,identity,0.0,1.7592592592592593,1.5993265867014317
2,grid_search_hmc_omelyan,Gaussian_3163,9933.000078411622,,True,square,0.0,1.7592592592592593,1.5993265867014317
3,grid_search_hmc_omelyan,Gaussian_3163,709.50000560083,,False,square,0.0,1.7592592592592593,1.5993265867014317
