,Sampler,Model,num_grads_to_low_error,ess_corr,max,statistic,num_tuning_grads,L,step_size
0,grid_search_hmc_omelyan,Gaussian_7,1743.5000137632799,,True,identity,0.0,1.5555555555555554,1.414141402978108
1,grid_search_hmc_omelyan,Gaussian_7,429.00000338654837,,False,identity,0.0,1.5555555555555554,1.414141402978108
2,grid_search_hmc_omelyan,Gaussian_7,1793.0000141540354,,True,square,0.0,1.5555555555555554,1.414141402978108
3,grid_search_hmc_omelyan,Gaussian_7,610.5000048193189,,False,square,0.0,1.5555555555555554,1.414141402978108
