,Sampler,Model,num_grads_to_low_error,ess_corr,max,statistic,num_tuning_grads,L,step_size
0,grid_search_hmc_omelyan,Gaussian_6,1925.0000151960494,,True,identity,0.0,1.4814814814814814,1.3468013361696272
1,grid_search_hmc_omelyan,Gaussian_6,522.500004124642,,False,identity,0.0,1.4814814814814814,1.3468013361696272
2,grid_search_hmc_omelyan,Gaussian_6,1804.0000142408692,,True,square,0.0,1.4814814814814814,1.3468013361696272
3,grid_search_hmc_omelyan,Gaussian_6,654.5000051666568,,False,square,0.0,1.4814814814814814,1.3468013361696272
