,Sampler,Model,num_grads_to_low_error,ess_corr,max,statistic,num_tuning_grads,L,step_size
0,grid_search_hmc_mclachlan,Gaussian_3,495.0000039075562,,True,identity,0.0,1.6111111111111123,1.4646464530844696
1,grid_search_hmc_mclachlan,Gaussian_3,209.00000164985707,,False,identity,0.0,1.6111111111111123,1.4646464530844696
2,grid_search_hmc_mclachlan,Gaussian_3,486.20000383808855,,True,square,0.0,1.6111111111111123,1.4646464530844696
3,grid_search_hmc_mclachlan,Gaussian_3,255.20000201456233,,False,square,0.0,1.6111111111111123,1.4646464530844696
