,Sampler,Model,num_grads_to_low_error,ess_corr,max,statistic,num_tuning_grads,L,step_size
0,grid_search_hmc_omelyan,Gaussian_5,1738.0000137198626,,True,identity,0.0,1.4444444444444438,1.3131313027653866
1,grid_search_hmc_omelyan,Gaussian_5,709.5000056008299,,False,identity,0.0,1.4444444444444438,1.3131313027653866
2,grid_search_hmc_omelyan,Gaussian_5,1655.5000130686033,,True,square,0.0,1.4444444444444438,1.3131313027653866
3,grid_search_hmc_omelyan,Gaussian_5,643.5000050798226,,False,square,0.0,1.4444444444444438,1.3131313027653866
