,Sampler,Model,num_grads_to_low_error,ess_corr,max,statistic,num_tuning_grads,L,step_size
0,grid_search_hmc_mclachlan,Gaussian_3163,7590.000059915855,,True,identity,0.0,1.1481481481481484,1.0437710355314611
1,grid_search_hmc_mclachlan,Gaussian_3163,583.0000046022323,,False,identity,0.0,1.1481481481481484,1.0437710355314611
2,grid_search_hmc_mclachlan,Gaussian_3163,5812.400045883388,,True,square,0.0,1.1481481481481484,1.0437710355314611
3,grid_search_hmc_mclachlan,Gaussian_3163,411.400003247613,,False,square,0.0,1.1481481481481484,1.0437710355314611
