,Sampler,Model,num_grads_to_low_error,max,statistic,num_tuning_grads,L,step_size
0,adjusted_microcanonical,Gaussian_MAMS_Paper,163.90000000127972,True,x2,17434.0,1.573108746445071,1.430098860393444
1,adjusted_microcanonical,Gaussian_MAMS_Paper,143.00000000111655,False,x2,17434.0,1.573108746445071,1.430098860393444
2,adjusted_microcanonical,Gaussian_MAMS_Paper,621.5000000048526,True,x,17434.0,1.573108746445071,1.430098860393444
3,adjusted_microcanonical,Gaussian_MAMS_Paper,292.6000000022846,False,x,17434.0,1.573108746445071,1.430098860393444
