,Sampler,Model,num_grads_to_low_error,ess_corr,max,statistic,num_tuning_grads,L,step_size
0,adjusted_malt,ICG,85266.99554383126,,True,covariance,86426.9140625,1.290824122041521,0.34636716325546196
1,adjusted_malt,ICG,85266.99554383126,,False,covariance,86426.9140625,1.290824122041521,0.34636716325546196
2,adjusted_malt,ICG,6968.5607010110025,,True,identity,86426.9140625,1.290824122041521,0.34636716325546196
3,adjusted_malt,ICG,928.3957274220116,,False,identity,86426.9140625,1.290824122041521,0.34636716325546196
4,adjusted_malt,ICG,6099.820923945425,,True,square,86426.9140625,1.290824122041521,0.34636716325546196
5,adjusted_malt,ICG,816.540820503697,,False,square,86426.9140625,1.290824122041521,0.34636716325546196
