,Sampler,Model,num_grads_to_low_error,max,statistic,num_tuning_grads,L,step_size
0,adjusted_microcanonical,Gaussian_MAMS_Paper,425.70000000019036,True,x2,29911.0,1.4228604639015012,1.2935095126371499
1,adjusted_microcanonical,Gaussian_MAMS_Paper,425.70000000019036,False,x2,29911.0,1.4228604639015012,1.2935095126371499
2,adjusted_microcanonical,Gaussian_MAMS_Paper,171.60000000007673,True,x,29911.0,1.4228604639015012,1.2935095126371499
3,adjusted_microcanonical,Gaussian_MAMS_Paper,156.20000000006985,False,x,29911.0,1.4228604639015012,1.2935095126371499
