,Sampler,Model,num_grads_to_low_error,ess_corr,max,statistic,num_tuning_grads,L,step_size
0,nuts,ICG,240456.74001750007,,True,covariance,45088.9140625,4.656427763204483,0.4539816685267363
1,nuts,ICG,240456.74001750007,,False,covariance,45088.9140625,4.656427763204483,0.4539816685267363
2,nuts,ICG,5795.915812500001,,True,identity,45088.9140625,4.656427763204483,0.4539816685267363
3,nuts,ICG,737.6620125000002,,False,identity,45088.9140625,4.656427763204483,0.4539816685267363
4,nuts,ICG,17693.350271250005,,True,square,45088.9140625,4.656427763204483,0.4539816685267363
5,nuts,ICG,2392.1325262500004,,False,square,45088.9140625,4.656427763204483,0.4539816685267363
