,Sampler,Model,num_grads_to_low_error,ess_corr,max,statistic,num_tuning_grads,L,step_size
0,nuts,ICG,240383.29458000002,,True,covariance,45088.9140625,4.655063094071263,0.4539816685267363
1,nuts,ICG,240383.29458000002,,False,covariance,45088.9140625,4.655063094071263,0.4539816685267363
2,nuts,ICG,5794.1455000000005,,True,identity,45088.9140625,4.655063094071263,0.4539816685267363
3,nuts,ICG,737.4367,,False,identity,45088.9140625,4.655063094071263,0.4539816685267363
4,nuts,ICG,17687.94599,,True,square,45088.9140625,4.655063094071263,0.4539816685267363
5,nuts,ICG,2391.40187,,False,square,45088.9140625,4.655063094071263,0.4539816685267363
