,Sampler,Model,num_grads_to_low_error,grads_to_low_error_std,ess_corr,max,statistic,num_tuning_grads,L,step_size,batch_size
0,adjusted_microcanonical_langevin_alba_velocity verlet_precond:False,ICG_2_1,305.4701810711841,45.48266043230102,,True,covariance,5340.0703125,1.4262653694112812,1.5414242511413483,128
1,adjusted_microcanonical_langevin_alba_velocity verlet_precond:False,ICG_2_1,305.4701810711841,45.48266043230102,,False,covariance,5340.0703125,1.4262653694112812,1.5414242511413483,128
2,adjusted_microcanonical_langevin_alba_velocity verlet_precond:False,ICG_2_1,253.6328170106195,40.472730325492,,True,identity,5340.0703125,1.4262653694112812,1.5414242511413483,128
3,adjusted_microcanonical_langevin_alba_velocity verlet_precond:False,ICG_2_1,161.99176268926428,22.975125679743297,,False,identity,5340.0703125,1.4262653694112812,1.5414242511413483,128
4,adjusted_microcanonical_langevin_alba_velocity verlet_precond:False,ICG_2_1,129.59341015141143,22.40895133646374,,True,square,5340.0703125,1.4262653694112812,1.5414242511413483,128
5,adjusted_microcanonical_langevin_alba_velocity verlet_precond:False,ICG_2_1,80.53304773694853,16.088116732545174,,False,square,5340.0703125,1.4262653694112812,1.5414242511413483,128
