,Sampler,Model,num_grads_to_low_error,grads_to_low_error_std,ess_corr,max,statistic,num_tuning_grads,L,step_size,batch_size
0,adjusted_microcanonical_nolangevin_alba_mclachlan_precond:False,ICG_2_1,537.890616360183,55.531089490482714,,True,covariance,10057.703125,1.4038487993901536,2.469678713901986,128
1,adjusted_microcanonical_nolangevin_alba_mclachlan_precond:False,ICG_2_1,537.890616360183,55.531089490482714,,False,covariance,10057.703125,1.4038487993901536,2.469678713901986,128
2,adjusted_microcanonical_nolangevin_alba_mclachlan_precond:False,ICG_2_1,203.55691401368446,16.876643623659294,,True,identity,10057.703125,1.4038487993901536,2.469678713901986,128
3,adjusted_microcanonical_nolangevin_alba_mclachlan_precond:False,ICG_2_1,128.50240940528684,14.274116435002203,,False,identity,10057.703125,1.4038487993901536,2.469678713901986,128
4,adjusted_microcanonical_nolangevin_alba_mclachlan_precond:False,ICG_2_1,189.91064044852126,19.890992936502695,,True,square,10057.703125,1.4038487993901536,2.469678713901986,128
5,adjusted_microcanonical_nolangevin_alba_mclachlan_precond:False,ICG_2_1,128.50240940528684,12.28122143762582,,False,square,10057.703125,1.4038487993901536,2.469678713901986,128
