,Sampler,Model,num_grads_to_low_error,grads_to_low_error_std,ess_corr,max,statistic,num_tuning_grads,L,step_size,batch_size
0,adjusted_microcanonical_nolangevin_alba_velocity verlet_precond:True,ICG_2_1,247.31983359832412,32.97600794517128,,True,covariance,5062.421875,1.0499576847578167,1.5121127270674446,128
1,adjusted_microcanonical_nolangevin_alba_velocity verlet_precond:True,ICG_2_1,247.31983359832412,32.97600794517128,,False,covariance,5062.421875,1.0499576847578167,1.5121127270674446,128
2,adjusted_microcanonical_nolangevin_alba_velocity verlet_precond:True,ICG_2_1,243.84624042980835,31.28226334522488,,True,identity,5062.421875,1.0499576847578167,1.5121127270674446,128
3,adjusted_microcanonical_nolangevin_alba_velocity verlet_precond:True,ICG_2_1,144.5014758102568,25.464428130236897,,False,identity,5062.421875,1.0499576847578167,1.5121127270674446,128
4,adjusted_microcanonical_nolangevin_alba_velocity verlet_precond:True,ICG_2_1,110.46026275880207,21.583185585079885,,True,square,5062.421875,1.0499576847578167,1.5121127270674446,128
5,adjusted_microcanonical_nolangevin_alba_velocity verlet_precond:True,ICG_2_1,66.69298883550314,14.790980359665143,,False,square,5062.421875,1.0499576847578167,1.5121127270674446,128
