,Sampler,Model,num_grads_to_low_error,grads_to_low_error_std,ess_corr,max,statistic,num_tuning_grads,L,step_size,batch_size
0,adjusted_canonical_nolangevin_nuts_velocity verlet_precond:True,ICG_2_1,1887.0357187500003,21.411482900537273,,True,covariance,2075.564453125,3.4220170931838205,0.8831470835288268,512
1,adjusted_canonical_nolangevin_nuts_velocity verlet_precond:True,ICG_2_1,1887.0357187500003,21.411482900537273,,False,covariance,2075.564453125,3.4220170931838205,0.8831470835288268,512
2,adjusted_canonical_nolangevin_nuts_velocity verlet_precond:True,ICG_2_1,457.1080312500001,9.434378622887678,,True,identity,2075.564453125,3.4220170931838205,0.8831470835288268,512
3,adjusted_canonical_nolangevin_nuts_velocity verlet_precond:True,ICG_2_1,289.11106250000006,3.8577065725635484,,False,identity,2075.564453125,3.4220170931838205,0.8831470835288268,512
4,adjusted_canonical_nolangevin_nuts_velocity verlet_precond:True,ICG_2_1,820.4503125000002,13.858033771065793,,True,square,2075.564453125,3.4220170931838205,0.8831470835288268,512
5,adjusted_canonical_nolangevin_nuts_velocity verlet_precond:True,ICG_2_1,578.2221250000001,6.552678841512073,,False,square,2075.564453125,3.4220170931838205,0.8831470835288268,512
