,Sampler,Model,num_grads_to_low_error,grads_to_low_error_std,ess_corr,max,statistic,num_tuning_grads,L,step_size,batch_size
0,adjusted_microcanonical_langevin_alba_mclachlan_precond:True,ICG_2_1,4705.799999576685,225.77457784259062,,True,identity,277549.265625,0.4149997340657767,0.37727248554823933,128
1,adjusted_microcanonical_langevin_alba_mclachlan_precond:True,ICG_2_1,2402.3999997838896,235.51596209174443,,False,identity,277549.265625,0.4149997340657767,0.37727248554823933,128
2,adjusted_microcanonical_langevin_alba_mclachlan_precond:True,ICG_2_1,2072.399999813575,127.70376815113953,,True,square,277549.265625,0.4149997340657767,0.37727248554823933,128
3,adjusted_microcanonical_langevin_alba_mclachlan_precond:True,ICG_2_1,1161.5999998955072,98.73816435401258,,False,square,277549.265625,0.4149997340657767,0.37727248554823933,128
