,Sampler,Model,num_grads_to_low_error,grads_to_low_error_std,ess_corr,max,statistic,num_tuning_grads,L,step_size,batch_size
0,adjusted_microcanonical_langevin_alba_velocity verlet_precond:False,ICG_2_1,176.5816098185875,24.424831626850573,,True,covariance,5019.1796875,0.8017932052829059,1.5079035205528226,128
1,adjusted_microcanonical_langevin_alba_velocity verlet_precond:False,ICG_2_1,176.5816098185875,24.424831626850573,,False,covariance,5019.1796875,0.8017932052829059,1.5079035205528226,128
2,adjusted_microcanonical_langevin_alba_velocity verlet_precond:False,ICG_2_1,146.26488765093845,26.386850892063645,,True,identity,5019.1796875,0.8017932052829059,1.5079035205528226,128
3,adjusted_microcanonical_langevin_alba_velocity verlet_precond:False,ICG_2_1,96.26888969025404,22.695979820223666,,False,identity,5019.1796875,0.8017932052829059,1.5079035205528226,128
4,adjusted_microcanonical_langevin_alba_velocity verlet_precond:False,ICG_2_1,74.46212462229595,17.385220734865577,,True,square,5019.1796875,0.8017932052829059,1.5079035205528226,128
5,adjusted_microcanonical_langevin_alba_velocity verlet_precond:False,ICG_2_1,56.910338104183325,14.533667809606769,,False,square,5019.1796875,0.8017932052829059,1.5079035205528226,128
