,Sampler,Model,num_grads_to_low_error,grads_to_low_error_std,ess_corr,max,statistic,num_tuning_grads,L,step_size,batch_size
0,adjusted_canonical_nolangevin_nuts_velocity verlet_precond:False,ICG_2_1,2498.1325874999998,46.65805289550776,,True,covariance,18999.21875,3.4046565584714696,0.7444482086065649,128
1,adjusted_canonical_nolangevin_nuts_velocity verlet_precond:False,ICG_2_1,2498.1325874999998,46.65805289550776,,False,covariance,18999.21875,3.4046565584714696,0.7444482086065649,128
2,adjusted_canonical_nolangevin_nuts_velocity verlet_precond:False,ICG_2_1,768.3022874999999,15.79627804262764,,True,identity,18999.21875,3.4046565584714696,0.7444482086065649,128
3,adjusted_canonical_nolangevin_nuts_velocity verlet_precond:False,ICG_2_1,441.6587999999999,14.889361974241877,,False,identity,18999.21875,3.4046565584714696,0.7444482086065649,128
4,adjusted_canonical_nolangevin_nuts_velocity verlet_precond:False,ICG_2_1,1104.147,29.58838285543838,,True,square,18999.21875,3.4046565584714696,0.7444482086065649,128
5,adjusted_canonical_nolangevin_nuts_velocity verlet_precond:False,ICG_2_1,754.5004499999999,14.035594038016345,,False,square,18999.21875,3.4046565584714696,0.7444482086065649,128
