,Sampler,Model,num_grads_to_low_error,grads_to_low_error_std,ess_corr,max,statistic,num_tuning_grads,L,step_size,batch_size
0,adjusted_microcanonical_nolangevin_alba_mclachlan_precond:True,ICG_2_1,639.5941633077047,25.85772418446759,,True,covariance,10059.328125,1.4187053056257954,2.480513237878569,128
1,adjusted_microcanonical_nolangevin_alba_mclachlan_precond:True,ICG_2_1,639.5941633077047,25.85772418446759,,False,covariance,10059.328125,1.4187053056257954,2.480513237878569,128
2,adjusted_microcanonical_nolangevin_alba_mclachlan_precond:True,ICG_2_1,197.94237969987998,29.089317626922774,,True,identity,10059.328125,1.4187053056257954,2.480513237878569,128
3,adjusted_microcanonical_nolangevin_alba_mclachlan_precond:True,ICG_2_1,129.29184338778288,14.796905081806804,,False,identity,10059.328125,1.4187053056257954,2.480513237878569,128
4,adjusted_microcanonical_nolangevin_alba_mclachlan_precond:True,ICG_2_1,218.5375405935091,29.180094242479754,,True,square,10059.328125,1.4187053056257954,2.480513237878569,128
5,adjusted_microcanonical_nolangevin_alba_mclachlan_precond:True,ICG_2_1,120.13843854616992,13.01833706738307,,False,square,10059.328125,1.4187053056257954,2.480513237878569,128
