,Sampler,Model,num_grads_to_low_error,max,statistic,num_tuning_grads,L,step_size
0,nuts,Neals_Funnel,inf,True,x2,131903.359375,2.763331424091184,0.07595446850831353
1,nuts,Neals_Funnel,24580.565035171876,False,x2,131903.359375,2.763331424091184,0.07595446850831353
2,nuts,Neals_Funnel,inf,True,x,131903.359375,2.763331424091184,0.07595446850831353
3,nuts,Neals_Funnel,inf,False,x,131903.359375,2.763331424091184,0.07595446850831353
