,Sampler,Model,num_grads_to_low_error,ess_corr,max,statistic,num_tuning_grads,L,step_size
0,adjusted_malt,Gaussian_6,2283.2951372860484,,True,covariance,42573.49411764706,1.1097883899752086,0.6837295063945633
1,adjusted_malt,Gaussian_6,2283.2951372860484,,False,covariance,42573.49411764706,1.1097883899752086,0.6837295063945633
2,adjusted_malt,Gaussian_6,1362.506842235416,,True,identity,42573.49411764706,1.1097883899752086,0.6837295063945633
3,adjusted_malt,Gaussian_6,443.3425124317861,,False,identity,42573.49411764706,1.1097883899752086,0.6837295063945633
4,adjusted_malt,Gaussian_6,863.9495114055318,,True,square,42573.49411764706,1.1097883899752086,0.6837295063945633
5,adjusted_malt,Gaussian_6,272.82616149648373,,False,square,42573.49411764706,1.1097883899752086,0.6837295063945633
