,Sampler,Model,num_grads_to_low_error,ess_corr,max,statistic,num_tuning_grads,L,step_size
0,adjusted_malt,Gaussian_4,1314.2454631136886,,True,covariance,37173.39763779528,1.0585727838816157,0.7608084474593227
1,adjusted_malt,Gaussian_4,1314.2454631136886,,False,covariance,37173.39763779528,1.0585727838816157,0.7608084474593227
2,adjusted_malt,Gaussian_4,980.1152606271576,,True,identity,37173.39763779528,1.0585727838816157,0.7608084474593227
3,adjusted_malt,Gaussian_4,385.64194203653784,,False,identity,37173.39763779528,1.0585727838816157,0.7608084474593227
4,adjusted_malt,Gaussian_4,626.4941296622457,,True,square,37173.39763779528,1.0585727838816157,0.7608084474593227
5,adjusted_malt,Gaussian_4,239.45997844868054,,False,square,37173.39763779528,1.0585727838816157,0.7608084474593227
