,Sampler,Model,num_grads_to_low_error,ess_corr,max,statistic,num_tuning_grads,L,step_size
0,adjusted_microcanonical_velocity_verlet,Gaussian_2,460.9006652832031,,True,identity,34581.390625,1.4568759202957153,1.3244309425354004
1,adjusted_microcanonical_velocity_verlet,Gaussian_2,290.4004211425781,,False,identity,34581.390625,1.4568759202957153,1.3244309425354004
2,adjusted_microcanonical_velocity_verlet,Gaussian_2,253.0003662109375,,True,square,34581.390625,1.4568759202957153,1.3244309425354004
3,adjusted_microcanonical_velocity_verlet,Gaussian_2,169.40023803710938,,False,square,34581.390625,1.4568759202957153,1.3244309425354004
