,Sampler,Model,num_grads_to_low_error,ess_corr,max,statistic,num_tuning_grads,L,step_size
0,adjusted_hmc_mclachlan,Gaussian_7,1946.9999999956883,,True,identity,78025.04109589041,0.9706067535360373,0.8823697759437584
1,adjusted_hmc_mclachlan,Gaussian_7,598.3999999986748,,False,identity,78025.04109589041,0.9706067535360373,0.8823697759437584
2,adjusted_hmc_mclachlan,Gaussian_7,1229.7999999972767,,True,square,78025.04109589041,0.9706067535360373,0.8823697759437584
3,adjusted_hmc_mclachlan,Gaussian_7,415.7999999990792,,False,square,78025.04109589041,0.9706067535360373,0.8823697759437584
