,Sampler,Model,num_grads_to_low_error,ess_corr,max,statistic,num_tuning_grads,L,step_size
0,adjusted_hmc_mclachlan,Gaussian_5,1836.9999999962843,,True,identity,71527.01960784313,0.9732372587573971,0.8847611443266364
1,adjusted_hmc_mclachlan,Gaussian_5,655.5999999986739,,False,identity,71527.01960784313,0.9732372587573971,0.8847611443266364
2,adjusted_hmc_mclachlan,Gaussian_5,1093.3999999977884,,True,square,71527.01960784313,0.9732372587573971,0.8847611443266364
3,adjusted_hmc_mclachlan,Gaussian_5,380.59999999923014,,False,square,71527.01960784313,0.9732372587573971,0.8847611443266364
