,Sampler,Model,num_grads_to_low_error,ess_corr,max,statistic,num_tuning_grads,L,step_size
0,adjusted_microcanonical_velocity_verlet,Gaussian_7,1002.1001586914062,,True,identity,43417.984375,2.6703009605407715,2.4275460243225098
1,adjusted_microcanonical_velocity_verlet,Gaussian_7,350.9000549316406,,False,identity,43417.984375,2.6703009605407715,2.4275460243225098
2,adjusted_microcanonical_velocity_verlet,Gaussian_7,583.0000610351562,,True,square,43417.984375,2.6703009605407715,2.4275460243225098
3,adjusted_microcanonical_velocity_verlet,Gaussian_7,191.4000244140625,,False,square,43417.984375,2.6703009605407715,2.4275460243225098
