,Sampler,Model,num_grads_to_low_error,ess_corr,max,statistic,num_tuning_grads,L,step_size
0,adjusted_hmc,Gaussian_3,417.26373903065536,,True,x2,33613.79525222552,0.9302002371226065,0.8337448425566566
1,adjusted_hmc,Gaussian_3,218.67297553478195,,False,x2,33613.79525222552,0.9302002371226065,0.8337448425566566
2,adjusted_hmc,Gaussian_3,654.9032481577398,,True,x,33613.79525222552,0.9302002371226065,0.8337448425566566
3,adjusted_hmc,Gaussian_3,311.2742866030825,,False,x,33613.79525222552,0.9302002371226065,0.8337448425566566
