,Sampler,Model,num_grads_to_low_error,ess_corr,max,statistic,num_tuning_grads,L,step_size
0,adjusted_hmc_mclachlan,Gaussian_6,1907.3999999962757,,True,identity,74755.30588235294,0.9741208819817566,0.8855644381669094
1,adjusted_hmc_mclachlan,Gaussian_6,609.3999999988101,,False,identity,74755.30588235294,0.9741208819817566,0.8855644381669094
2,adjusted_hmc_mclachlan,Gaussian_6,1137.3999999977793,,True,square,74755.30588235294,0.9741208819817566,0.8855644381669094
3,adjusted_hmc_mclachlan,Gaussian_6,431.1999999991581,,False,square,74755.30588235294,0.9741208819817566,0.8855644381669094
