,Sampler,Model,num_grads_to_low_error,ess_corr,max,statistic,num_tuning_grads,L,step_size
0,adjusted_hmc_omelyan,Gaussian_4,3717.999999998133,,True,identity,170450.88582677164,0.9937199010928972,0.9033817282666508
1,adjusted_hmc_omelyan,Gaussian_4,1666.499999999163,,False,identity,170450.88582677164,0.9937199010928972,0.9033817282666508
2,adjusted_hmc_omelyan,Gaussian_4,2271.499999998859,,True,square,170450.88582677164,0.9937199010928972,0.9033817282666508
3,adjusted_hmc_omelyan,Gaussian_4,973.499999999511,,False,square,170450.88582677164,0.9937199010928972,0.9033817282666508
