,Sampler,Model,num_grads_to_low_error,ess_corr,max,statistic,num_tuning_grads,L,step_size
0,adjusted_malt,Gaussian_7,2903.2312664391725,,True,covariance,45061.239726027394,1.1321349637748674,0.6573739706513774
1,adjusted_malt,Gaussian_7,2903.2312664391725,,False,covariance,45061.239726027394,1.1321349637748674,0.6573739706513774
2,adjusted_malt,Gaussian_7,1481.7678867285983,,True,identity,45061.239726027394,1.1321349637748674,0.6573739706513774
3,adjusted_malt,Gaussian_7,429.02349278537326,,False,identity,45061.239726027394,1.1321349637748674,0.6573739706513774
4,adjusted_malt,Gaussian_7,945.9192672255821,,True,square,45061.239726027394,1.1321349637748674,0.6573739706513774
5,adjusted_malt,Gaussian_7,301.5225350901218,,False,square,45061.239726027394,1.1321349637748674,0.6573739706513774
