,Sampler,Model,num_grads_to_low_error,ess_corr,max,statistic,num_tuning_grads,L,step_size
0,adjusted_hmc_omelyan,Gaussian_7,4779.499999995905,,True,identity,195062.8424657534,0.9887487830845425,0.898862530077578
1,adjusted_hmc_omelyan,Gaussian_7,1495.999999998718,,False,identity,195062.8424657534,0.9887487830845425,0.898862530077578
2,adjusted_hmc_omelyan,Gaussian_7,3046.9999999973893,,True,square,195062.8424657534,0.9887487830845425,0.898862530077578
3,adjusted_hmc_omelyan,Gaussian_7,1028.4999999991187,,False,square,195062.8424657534,0.9887487830845425,0.898862530077578
