,Sampler,Model,num_grads_to_low_error,ess_corr,max,statistic,num_tuning_grads,L,step_size
0,adjusted_hmc_mclachlan,Gaussian_563,7572.399999989908,,True,identity,208480.40000000002,0.9820016407785173,0.8927287643452945
1,adjusted_hmc_mclachlan,Gaussian_563,758.9999999989884,,False,identity,208480.40000000002,0.9820016407785173,0.8927287643452945
2,adjusted_hmc_mclachlan,Gaussian_563,5037.999999993285,,True,square,208480.40000000002,0.9820016407785173,0.8927287643452945
3,adjusted_hmc_mclachlan,Gaussian_563,470.7999999993725,,False,square,208480.40000000002,0.9820016407785173,0.8927287643452945
