,Sampler,Model,num_grads_to_low_error,ess_corr,max,statistic,num_tuning_grads,L,step_size
0,adjusted_hmc_mclachlan,Gaussian_100,6056.599999985758,,True,identity,120955.85714285713,0.9684691324882473,0.8804264840822911
1,adjusted_hmc_mclachlan,Gaussian_100,723.799999998298,,False,identity,120955.85714285713,0.9684691324882473,0.8804264840822911
2,adjusted_hmc_mclachlan,Gaussian_100,3240.5999999923797,,True,square,120955.85714285713,0.9684691324882473,0.8804264840822911
3,adjusted_hmc_mclachlan,Gaussian_100,494.99999999883596,,False,square,120955.85714285713,0.9684691324882473,0.8804264840822911
