,Sampler,Model,num_grads_to_low_error,ess_corr,max,statistic,num_tuning_grads,L,step_size
0,adjusted_microcanonical_velocity_verlet,Gaussian_1292,13012.5048828125,,True,identity,150390.0625,37.04608917236328,10.764707565307617
1,adjusted_microcanonical_velocity_verlet,Gaussian_1292,1088.3936767578125,,False,identity,150390.0625,37.04608917236328,10.764707565307617
2,adjusted_microcanonical_velocity_verlet,Gaussian_1292,11813.8935546875,,True,square,150390.0625,37.04608917236328,10.764707565307617
3,adjusted_microcanonical_velocity_verlet,Gaussian_1292,892.0695190429688,,False,square,150390.0625,37.04608917236328,10.764707565307617
