,Sampler,Model,num_grads_to_low_error,ess_corr,max,statistic,num_tuning_grads,L,step_size
0,adjusted_hmc_omelyan,Gaussian_5,4487.999999997126,,True,identity,178817.67156862744,0.9917604695031403,0.9016004268215532
1,adjusted_hmc_omelyan,Gaussian_5,1616.9999999989643,,False,identity,178817.67156862744,0.9917604695031403,0.9016004268215532
2,adjusted_hmc_omelyan,Gaussian_5,2733.499999998249,,True,square,178817.67156862744,0.9917604695031403,0.9016004268215532
3,adjusted_hmc_omelyan,Gaussian_5,956.9999999993871,,False,square,178817.67156862744,0.9917604695031403,0.9016004268215532
