,Sampler,Model,num_grads_to_low_error,ess_corr,max,statistic,num_tuning_grads,L,step_size
0,adjusted_hmc_omelyan,Gaussian_100000,43488.49999999392,,True,identity,2000216.25,0.9981315501686217,0.9073923183352324
1,adjusted_hmc_omelyan,Gaussian_100000,1880.999999999737,,False,identity,2000216.25,0.9981315501686217,0.9073923183352324
2,adjusted_hmc_omelyan,Gaussian_100000,25063.499999996497,,True,square,2000216.25,0.9981315501686217,0.9073923183352324
3,adjusted_hmc_omelyan,Gaussian_100000,1143.99999999984,,False,square,2000216.25,0.9981315501686217,0.9073923183352324
