,Sampler,Model,num_grads_to_low_error,ess_corr,max,statistic,num_tuning_grads,L,step_size
0,adjusted_hmc_mclachlan,Gaussian_4,1520.199999997097,,True,identity,68180.31496062993,0.9748313401903895,0.8862103092656108
1,adjusted_hmc_mclachlan,Gaussian_4,699.599999998664,,False,identity,68180.31496062993,0.9748313401903895,0.8862103092656108
2,adjusted_hmc_mclachlan,Gaussian_4,932.7999999982186,,True,square,68180.31496062993,0.9748313401903895,0.8862103092656108
3,adjusted_hmc_mclachlan,Gaussian_4,391.59999999925213,,False,square,68180.31496062993,0.9748313401903895,0.8862103092656108
