,Sampler,Model,num_grads_to_low_error,ess_corr,max,statistic,num_tuning_grads,L,step_size
0,adjusted_malt,Gaussian_100,85399.08407688064,,True,covariance,86334.35714285714,1.2883942694742807,0.3447401946700991
1,adjusted_malt,Gaussian_100,85399.08407688064,,False,covariance,86334.35714285714,1.2883942694742807,0.3447401946700991
2,adjusted_malt,Gaussian_100,7134.6638242704375,,True,identity,86334.35714285714,1.2883942694742807,0.3447401946700991
3,adjusted_malt,Gaussian_100,931.096065117054,,False,identity,86334.35714285714,1.2883942694742807,0.3447401946700991
4,adjusted_malt,Gaussian_100,6581.241263477972,,True,square,86334.35714285714,1.2883942694742807,0.3447401946700991
5,adjusted_malt,Gaussian_100,860.0485742045076,,False,square,86334.35714285714,1.2883942694742807,0.3447401946700991
