,Sampler,Model,num_grads_to_low_error,ess_corr,max,statistic,num_tuning_grads,L,step_size
0,adjusted_hmc_omelyan,Gaussian_2,2067.999999998775,,True,identity,150809.3849206349,0.9933161980645867,0.9030147255136128
1,adjusted_hmc_omelyan,Gaussian_2,1259.4999999992538,,False,identity,150809.3849206349,0.9933161980645867,0.9030147255136128
2,adjusted_hmc_omelyan,Gaussian_2,1165.9999999993092,,True,square,150809.3849206349,0.9933161980645867,0.9030147255136128
3,adjusted_hmc_omelyan,Gaussian_2,736.9999999995633,,False,square,150809.3849206349,0.9933161980645867,0.9030147255136128
