,Sampler,Model,num_grads_to_low_error,ess_corr,max,statistic,num_tuning_grads,L,step_size
0,adjusted_hmc_omelyan,Gaussian_6,4757.499999997388,,True,identity,186888.41176470587,0.9929381496744729,0.9026710451590543
1,adjusted_hmc_omelyan,Gaussian_6,1506.9999999991726,,False,identity,186888.41176470587,0.9929381496744729,0.9026710451590543
2,adjusted_hmc_omelyan,Gaussian_6,2837.9999999984416,,True,square,186888.41176470587,0.9929381496744729,0.9026710451590543
3,adjusted_hmc_omelyan,Gaussian_6,1061.4999999994172,,False,square,186888.41176470587,0.9929381496744729,0.9026710451590543
