,Sampler,Model,num_grads_to_low_error,ess_corr,max,statistic,num_tuning_grads,L,step_size
0,adjusted_hmc_mclachlan,Gaussian_2,868.9999999982359,,True,identity,60323.62698412698,0.9740284616541486,0.8854804196872085
1,adjusted_hmc_mclachlan,Gaussian_2,510.3999999989639,,False,identity,60323.62698412698,0.9740284616541486,0.8854804196872085
2,adjusted_hmc_mclachlan,Gaussian_2,468.59999999904875,,True,square,60323.62698412698,0.9740284616541486,0.8854804196872085
3,adjusted_hmc_mclachlan,Gaussian_2,296.99999999939706,,False,square,60323.62698412698,0.9740284616541486,0.8854804196872085
