,Sampler,Model,num_grads_to_low_error,ess_corr,max,statistic,num_tuning_grads,L,step_size
0,adjusted_malt,Gaussian_5,1761.1838987867523,,True,covariance,39929.05392156863,1.0888181792950682,0.718066785556723
1,adjusted_malt,Gaussian_5,1761.1838987867523,,False,covariance,39929.05392156863,1.0888181792950682,0.718066785556723
2,adjusted_malt,Gaussian_5,1155.9191480409174,,True,identity,39929.05392156863,1.0888181792950682,0.718066785556723
3,adjusted_malt,Gaussian_5,433.8489190809743,,False,identity,39929.05392156863,1.0888181792950682,0.718066785556723
4,adjusted_malt,Gaussian_5,655.3242414090241,,True,square,39929.05392156863,1.0888181792950682,0.718066785556723
5,adjusted_malt,Gaussian_5,250.2974533159467,,False,square,39929.05392156863,1.0888181792950682,0.718066785556723
