,Sampler,Model,num_grads_to_low_error,ess_corr,max,statistic,num_tuning_grads,L,step_size
0,adjusted_hmc,Gaussian_2,287.2383113898406,,True,x2,30171.12103174603,0.9079142730463575,0.8249314025066801
1,adjusted_hmc,Gaussian_2,172.78319880538302,,False,x2,30171.12103174603,0.9079142730463575,0.8249314025066801
2,adjusted_hmc,Gaussian_2,420.40243276214215,,True,x,30171.12103174603,0.9079142730463575,0.8249314025066801
3,adjusted_hmc,Gaussian_2,280.63513181766035,,False,x,30171.12103174603,0.9079142730463575,0.8249314025066801
