,Sampler,Model,num_grads_to_low_error,ess_corr,max,statistic,num_tuning_grads,L,step_size
0,adjusted_malt,Gaussian_2,575.9203641207972,,True,covariance,30175.662698412696,0.9503789954588783,0.8630037938356426
1,adjusted_malt,Gaussian_2,575.9203641207972,,False,covariance,30175.662698412696,0.9503789954588783,0.8630037938356426
2,adjusted_malt,Gaussian_2,428.3614180554305,,True,identity,30175.662698412696,0.9503789954588783,0.8630037938356426
3,adjusted_malt,Gaussian_2,276.39772733139597,,False,identity,30175.662698412696,0.9503789954588783,0.8630037938356426
4,adjusted_malt,Gaussian_2,253.27281787339075,,True,square,30175.662698412696,0.9503789954588783,0.8630037938356426
5,adjusted_malt,Gaussian_2,164.07673853537054,,False,square,30175.662698412696,0.9503789954588783,0.8630037938356426
