,Sampler,Model,num_grads_to_low_error,ess_corr,max,statistic,num_tuning_grads,L,step_size
0,adjusted_hmc_velocity_verlet,Gaussian_100000,101156.45373216455,,True,identity,600859.5,0.9952723493938999,0.06488221888687075
1,adjusted_hmc_velocity_verlet,Gaussian_100000,5310.291760177352,,False,identity,600859.5,0.9952723493938999,0.06488221888687075
2,adjusted_hmc_velocity_verlet,Gaussian_100000,98501.30785207587,,True,square,600859.5,0.9952723493938999,0.06488221888687075
3,adjusted_hmc_velocity_verlet,Gaussian_100000,4358.736589278521,,False,square,600859.5,0.9952723493938999,0.06488221888687075
