,Sampler,Model,num_grads_to_low_error,ess_corr,max,statistic,num_tuning_grads,L,step_size
0,adjusted_malt,Gaussian_8,3230.924793985072,,True,covariance,47362.74418604651,1.1414240132474371,0.6357914010256797
1,adjusted_malt,Gaussian_8,3230.924793985072,,False,covariance,47362.74418604651,1.1414240132474371,0.6357914010256797
2,adjusted_malt,Gaussian_8,1722.3217773383458,,True,identity,47362.74418604651,1.1414240132474371,0.6357914010256797
3,adjusted_malt,Gaussian_8,517.2353199931633,,False,identity,47362.74418604651,1.1414240132474371,0.6357914010256797
4,adjusted_malt,Gaussian_8,1023.6949041531357,,True,square,47362.74418604651,1.1414240132474371,0.6357914010256797
5,adjusted_malt,Gaussian_8,317.8842070791316,,False,square,47362.74418604651,1.1414240132474371,0.6357914010256797
