,Sampler,Model,num_grads_to_low_error,ess_corr,max,statistic,num_tuning_grads,L,step_size
0,adjusted_hmc_omelyan,Gaussian_3,2672.9999999987626,,True,identity,161972.03264094956,0.9946187621815101,0.9041988747107607
1,adjusted_hmc_omelyan,Gaussian_3,1429.999999999338,,False,identity,161972.03264094956,0.9946187621815101,0.9041988747107607
2,adjusted_hmc_omelyan,Gaussian_3,1869.9999999991342,,True,square,161972.03264094956,0.9946187621815101,0.9041988747107607
3,adjusted_hmc_omelyan,Gaussian_3,1028.4999999995239,,False,square,161972.03264094956,0.9946187621815101,0.9041988747107607
