,Sampler,Model,num_grads_to_low_error,ess_corr,max,statistic,num_tuning_grads,L,step_size
0,adjusted_hmc_omelyan,Gaussian_8,6115.99999999355,,True,identity,202731.31782945737,0.9860472011185593,0.896406546472319
1,adjusted_hmc_omelyan,Gaussian_8,1781.9999999981205,,False,identity,202731.31782945737,0.9860472011185593,0.896406546472319
2,adjusted_hmc_omelyan,Gaussian_8,3074.499999996757,,True,square,202731.31782945737,0.9860472011185593,0.896406546472319
3,adjusted_hmc_omelyan,Gaussian_8,1055.9999999988863,,False,square,202731.31782945737,0.9860472011185593,0.896406546472319
