,Sampler,Model,num_grads_to_low_error,ess_corr,max,statistic,num_tuning_grads,L,step_size
0,adjusted_hmc_omelyan,Gaussian_9,6473.4999999915135,,True,identity,209887.78260869565,0.9825984597375482,0.8932713270352634
1,adjusted_hmc_omelyan,Gaussian_9,1798.4999999976424,,False,identity,209887.78260869565,0.9825984597375482,0.8932713270352634
2,adjusted_hmc_omelyan,Gaussian_9,3503.499999995407,,True,square,209887.78260869565,0.9825984597375482,0.8932713270352634
3,adjusted_hmc_omelyan,Gaussian_9,1066.9999999986012,,False,square,209887.78260869565,0.9825984597375482,0.8932713270352634
