,Sampler,Model,num_grads_to_low_error,ess_corr,max,statistic,num_tuning_grads,L,step_size
0,adjusted_hmc_mclachlan,Gaussian_9,2591.5999999931205,,True,identity,83955.09565217391,0.9647630043986819,0.8770572767283601
1,adjusted_hmc_mclachlan,Gaussian_9,750.1999999980086,,False,identity,83955.09565217391,0.9647630043986819,0.8770572767283601
2,adjusted_hmc_mclachlan,Gaussian_9,1418.999999996233,,True,square,83955.09565217391,0.9647630043986819,0.8770572767283601
3,adjusted_hmc_mclachlan,Gaussian_9,470.79999999875025,,False,square,83955.09565217391,0.9647630043986819,0.8770572767283601
