,Sampler,Model,num_grads_to_low_error,max,statistic,num_tuning_grads,L,step_size
0,nuts_velocity_verlet,Gaussian_1000,60300.0,True,x2,86259.20000000001,3.9491773753241186,0.26327849168827455
1,nuts_velocity_verlet,Gaussian_1000,4065.0,False,x2,86259.20000000001,3.9491773753241186,0.26327849168827455
2,nuts_velocity_verlet,Gaussian_1000,9255.0,True,x,86259.20000000001,3.9491773753241186,0.26327849168827455
3,nuts_velocity_verlet,Gaussian_1000,825.0,False,x,86259.20000000001,3.9491773753241186,0.26327849168827455
