,Sampler,Model,num_grads_to_low_error,ess_corr,max,statistic,num_tuning_grads,L,step_size
0,nuts_velocity_verlet,Gaussian_10000,20460.0,,True,identity,216375.0,5.0120649337768555,0.16167950630187988
1,nuts_velocity_verlet,Gaussian_10000,1054.0,,False,identity,216375.0,5.0120649337768555,0.16167950630187988
2,nuts_velocity_verlet,Gaussian_10000,188015.0,,True,square,216375.0,5.0120649337768555,0.16167950630187988
3,nuts_velocity_verlet,Gaussian_10000,9796.0,,False,square,216375.0,5.0120649337768555,0.16167950630187988
