,Sampler,Model,num_grads_to_low_error,ess_corr,max,statistic,num_tuning_grads,L,step_size
0,nuts_velocity_verlet,Gaussian_100,7198.28955078125,,True,identity,45080.4375,5.428940773010254,0.4526747167110443
1,nuts_velocity_verlet,Gaussian_100,966.379638671875,,False,identity,45080.4375,5.428940773010254,0.4526747167110443
2,nuts_velocity_verlet,Gaussian_100,19240.8671875,,True,square,45080.4375,5.428940773010254,0.4526747167110443
3,nuts_velocity_verlet,Gaussian_100,2837.19140625,,False,square,45080.4375,5.428940773010254,0.4526747167110443
