,Sampler,Model,num_grads_to_low_error,ess_corr,max,statistic,num_tuning_grads,L,step_size
0,underdamped_langevin_0.0007196856730011522,rosenbrock_36d,inf,,True,covariance,115556.0,2.463487672358052,0.03878939412195086
1,underdamped_langevin_0.0007196856730011522,rosenbrock_36d,inf,,False,covariance,115556.0,2.463487672358052,0.03878939412195086
2,underdamped_langevin_0.0007196856730011522,rosenbrock_36d,inf,,True,identity,115556.0,2.463487672358052,0.03878939412195086
3,underdamped_langevin_0.0007196856730011522,rosenbrock_36d,10113.0,,False,identity,115556.0,2.463487672358052,0.03878939412195086
4,underdamped_langevin_0.0007196856730011522,rosenbrock_36d,inf,,True,square,115556.0,2.463487672358052,0.03878939412195086
5,underdamped_langevin_0.0007196856730011522,rosenbrock_36d,14208.0,,False,square,115556.0,2.463487672358052,0.03878939412195086
