,Sampler,Model,num_grads_to_low_error,ess_corr,max,statistic,num_tuning_grads,L,step_size
0,underdamped_langevin_0.019306977288832496,rosenbrock_36d,inf,,True,covariance,115556.0,2.3521724984665333,0.06441638829934668
1,underdamped_langevin_0.019306977288832496,rosenbrock_36d,inf,,False,covariance,115556.0,2.3521724984665333,0.06441638829934668
2,underdamped_langevin_0.019306977288832496,rosenbrock_36d,inf,,True,identity,115556.0,2.3521724984665333,0.06441638829934668
3,underdamped_langevin_0.019306977288832496,rosenbrock_36d,7245.0,,False,identity,115556.0,2.3521724984665333,0.06441638829934668
4,underdamped_langevin_0.019306977288832496,rosenbrock_36d,inf,,True,square,115556.0,2.3521724984665333,0.06441638829934668
5,underdamped_langevin_0.019306977288832496,rosenbrock_36d,9442.0,,False,square,115556.0,2.3521724984665333,0.06441638829934668
