,Sampler,Model,num_grads_to_low_error,ess_corr,max,statistic,num_tuning_grads,L,step_size
0,underdamped_langevin_1.1787686347935867e-05,rosenbrock_36d,inf,,True,covariance,115556.0,2.3340064687263133,0.019132876951926912
1,underdamped_langevin_1.1787686347935867e-05,rosenbrock_36d,inf,,False,covariance,115556.0,2.3340064687263133,0.019132876951926912
2,underdamped_langevin_1.1787686347935867e-05,rosenbrock_36d,inf,,True,identity,115556.0,2.3340064687263133,0.019132876951926912
3,underdamped_langevin_1.1787686347935867e-05,rosenbrock_36d,21670.0,,False,identity,115556.0,2.3340064687263133,0.019132876951926912
4,underdamped_langevin_1.1787686347935867e-05,rosenbrock_36d,inf,,True,square,115556.0,2.3340064687263133,0.019132876951926912
5,underdamped_langevin_1.1787686347935867e-05,rosenbrock_36d,29304.0,,False,square,115556.0,2.3340064687263133,0.019132876951926912
