,Sampler,Model,num_grads_to_low_error,ess_corr,max,statistic,num_tuning_grads,L,step_size
0,underdamped_langevin_0.00031622776601683794,rosenbrock_36d,inf,,True,covariance,115556.0,2.403354644637175,0.033150318018821096
1,underdamped_langevin_0.00031622776601683794,rosenbrock_36d,inf,,False,covariance,115556.0,2.403354644637175,0.033150318018821096
2,underdamped_langevin_0.00031622776601683794,rosenbrock_36d,inf,,True,identity,115556.0,2.403354644637175,0.033150318018821096
3,underdamped_langevin_0.00031622776601683794,rosenbrock_36d,11862.0,,False,identity,115556.0,2.403354644637175,0.033150318018821096
4,underdamped_langevin_0.00031622776601683794,rosenbrock_36d,inf,,True,square,115556.0,2.403354644637175,0.033150318018821096
5,underdamped_langevin_0.00031622776601683794,rosenbrock_36d,16251.0,,False,square,115556.0,2.403354644637175,0.033150318018821096
