,Sampler,Model,num_grads_to_low_error,max,statistic,num_tuning_grads,L,step_size
0,adjusted_microcanonical,Neals_Funnel,2064019.9387420446,True,x2,1724613.96875,8.868503495061528,0.05889642975248222
1,adjusted_microcanonical,Neals_Funnel,1263.4793944307326,False,x2,1724613.96875,8.868503495061528,0.05889642975248222
2,adjusted_microcanonical,Neals_Funnel,1201821.5999825126,True,x,1724613.96875,8.868503495061528,0.05889642975248222
3,adjusted_microcanonical,Neals_Funnel,8086.268124356688,False,x,1724613.96875,8.868503495061528,0.05889642975248222
