,Sampler,Model,num_grads_to_low_error,ess_corr,max,statistic,num_tuning_grads,L,step_size
0,adjusted_hmc,Item_Response,42850.5250038679,,True,identity,410315.8203125,1.4108141498344233,0.13415647104046174
1,adjusted_hmc,Item_Response,4189.267735578341,,False,identity,410315.8203125,1.4108141498344233,0.13415647104046174
2,adjusted_hmc,Item_Response,47829.22761424116,,True,square,410315.8203125,1.4108141498344233,0.13415647104046174
3,adjusted_hmc,Item_Response,4084.009752272352,,False,square,410315.8203125,1.4108141498344233,0.13415647104046174
