,Sampler,Model,num_grads_to_low_error,grads_to_low_error_std,ess_corr,max,statistic,num_tuning_grads,L,step_size
0,adjusted_malt,vector_synthetic_item_response_theory,44612.89641481347,327.94899054578593,,True,identity,284380.234375,1.8581281740973445,0.12131570694338822
1,adjusted_malt,vector_synthetic_item_response_theory,6149.801121464489,33.60348047449847,,False,identity,284380.234375,1.8581281740973445,0.12131570694338822
2,adjusted_malt,vector_synthetic_item_response_theory,54596.73813569472,361.56085241629796,,True,square,284380.234375,1.8581281740973445,0.12131570694338822
3,adjusted_malt,vector_synthetic_item_response_theory,5290.9760271951345,32.79404061716092,,False,square,284380.234375,1.8581281740973445,0.12131570694338822
4,adjusted_malt,vector_synthetic_item_response_theory,inf,nan,,True,quartic,284380.234375,1.8581281740973445,0.12131570694338822
5,adjusted_malt,vector_synthetic_item_response_theory,inf,nan,,False,quartic,284380.234375,1.8581281740973445,0.12131570694338822
