,Sampler,Model,num_grads_to_low_error,ess_corr,max,statistic,num_tuning_grads,L,step_size
0,underdamped_langevin_0.00013894954943731373,Stochastic_Volatility_MAMS_Paper,inf,,True,identity,207777.0,5.4712452450107945,0.12940951764874306
1,underdamped_langevin_0.00013894954943731373,Stochastic_Volatility_MAMS_Paper,inf,,False,identity,207777.0,5.4712452450107945,0.12940951764874306
2,underdamped_langevin_0.00013894954943731373,Stochastic_Volatility_MAMS_Paper,inf,,True,square,207777.0,5.4712452450107945,0.12940951764874306
3,underdamped_langevin_0.00013894954943731373,Stochastic_Volatility_MAMS_Paper,inf,,False,square,207777.0,5.4712452450107945,0.12940951764874306
4,underdamped_langevin_0.00013894954943731373,Stochastic_Volatility_MAMS_Paper,inf,,True,quartic,207777.0,5.4712452450107945,0.12940951764874306
5,underdamped_langevin_0.00013894954943731373,Stochastic_Volatility_MAMS_Paper,inf,,False,quartic,207777.0,5.4712452450107945,0.12940951764874306
