,Sampler,Model,num_grads_to_low_error,ess_corr,max,statistic,num_tuning_grads,L,step_size
0,adjusted_microcanonical,Brownian_Motion,18745.101470507667,,True,identity,186244.671875,11.313708498984761,1.095116158821159
1,adjusted_microcanonical,Brownian_Motion,2757.852318116725,,False,identity,186244.671875,11.313708498984761,1.095116158821159
2,adjusted_microcanonical,Brownian_Motion,17013.667872291528,,True,square,186244.671875,11.313708498984761,1.095116158821159
3,adjusted_microcanonical,Brownian_Motion,2436.4484765316934,,False,square,186244.671875,11.313708498984761,1.095116158821159
