,Sampler,Model,num_grads_to_low_error,max,statistic,num_tuning_grads,L,step_size
0,adjusted_microcanonical,Brownian_Motion,13476.579174842127,True,x2,186250.62109375,11.313708498984761,1.086887527042901
1,adjusted_microcanonical,Brownian_Motion,2797.6167458231525,False,x2,186250.62109375,11.313708498984761,1.086887527042901
2,adjusted_microcanonical,Brownian_Motion,15428.647575845594,True,x,186250.62109375,11.313708498984761,1.086887527042901
3,adjusted_microcanonical,Brownian_Motion,3016.8329833689963,False,x,186250.62109375,11.313708498984761,1.086887527042901
