,Sampler,Model,num_grads_to_low_error,max,statistic,num_tuning_grads,L,step_size
0,adjusted_microcanonical_mclachlan,Gaussian_9,1399.2000000045762,True,x2,42881.026086956525,3.1398443743528532,2.8544039766746763
1,adjusted_microcanonical_mclachlan,Gaussian_9,431.2000000014103,False,x2,42881.026086956525,3.1398443743528532,2.8544039766746763
2,adjusted_microcanonical_mclachlan,Gaussian_9,2512.400000008217,True,x,42881.026086956525,3.1398443743528532,2.8544039766746763
3,adjusted_microcanonical_mclachlan,Gaussian_9,642.400000002101,False,x,42881.026086956525,3.1398443743528532,2.8544039766746763
