,Sampler,Model,num_grads_to_low_error,max,statistic,num_tuning_grads,L,step_size
0,adjusted_microcanonical_omelyan,Gaussian_3,1749.0000000109999,True,x2,98466.73828125,1.8912773780260996,1.7193430709214548
1,adjusted_microcanonical_omelyan,Gaussian_3,786.5000000049465,False,x2,98466.73828125,1.8912773780260996,1.7193430709214548
2,adjusted_microcanonical_omelyan,Gaussian_3,2926.0000000184023,True,x,98466.73828125,1.8912773780260996,1.7193430709214548
3,adjusted_microcanonical_omelyan,Gaussian_3,1474.0000000092705,False,x,98466.73828125,1.8912773780260996,1.7193430709214548
