,Sampler,Model,num_grads_to_low_error,max,statistic,num_tuning_grads,L,step_size
0,adjusted_microcanonical_velocity_verlet,Gaussian_100,4076.811826785363,True,x2,36952.5,10.325256459955918,5.512457911387168
1,adjusted_microcanonical_velocity_verlet,Gaussian_100,429.0394799328346,False,x2,36952.5,10.325256459955918,5.512457911387168
2,adjusted_microcanonical_velocity_verlet,Gaussian_100,4831.846370073277,True,x,36952.5,10.325256459955918,5.512457911387168
3,adjusted_microcanonical_velocity_verlet,Gaussian_100,584.5428722229012,False,x,36952.5,10.325256459955918,5.512457911387168
