,Sampler,Model,num_grads_to_low_error,max,statistic,num_tuning_grads,L,step_size
0,adjusted_microcanonical_mclachlan,Gaussian_100,3427.6000000153313,True,x2,52795.3671875,10.63031409765243,9.663921906913366
1,adjusted_microcanonical_mclachlan,Gaussian_100,455.40000000203696,False,x2,52795.3671875,10.63031409765243,9.663921906913366
2,adjusted_microcanonical_mclachlan,Gaussian_100,inf,True,x,52795.3671875,10.63031409765243,9.663921906913366
3,adjusted_microcanonical_mclachlan,Gaussian_100,690.8000000030898,False,x,52795.3671875,10.63031409765243,9.663921906913366
