,Sampler,Model,num_grads_to_low_error,max,statistic,num_tuning_grads,L,step_size
0,adjusted_microcanonical_omelyan,Gaussian_5,2293.5000000073546,True,x2,102336.12745098039,2.3398209136880506,2.1271099215272637
1,adjusted_microcanonical_omelyan,Gaussian_5,935.0000000029983,False,x2,102336.12745098039,2.3398209136880506,2.1271099215272637
2,adjusted_microcanonical_omelyan,Gaussian_5,3800.500000012187,True,x,102336.12745098039,2.3398209136880506,2.1271099215272637
3,adjusted_microcanonical_omelyan,Gaussian_5,1606.0000000051498,False,x,102336.12745098039,2.3398209136880506,2.1271099215272637
