,Sampler,Model,num_grads_to_low_error,max,statistic,num_tuning_grads,L,step_size
0,adjusted_microcanonical_mclachlan,Rosenbrock_2,19719.39069931816,True,x2,350586.0992063492,2.8284271247461903,0.16555232881618528
1,adjusted_microcanonical_mclachlan,Rosenbrock_2,16375.368150657561,False,x2,350586.0992063492,2.8284271247461903,0.16555232881618528
2,adjusted_microcanonical_mclachlan,Rosenbrock_2,18443.835706530095,True,x,350586.0992063492,2.8284271247461903,0.16555232881618528
3,adjusted_microcanonical_mclachlan,Rosenbrock_2,12858.973305674253,False,x,350586.0992063492,2.8284271247461903,0.16555232881618528
