,Sampler,Model,num_grads_to_low_error,max,statistic,num_tuning_grads,L,step_size
0,adjusted_microcanonical_omelyan,Rosenbrock_12,110191.40567536485,True,x2,2084082.1264367816,6.92820323027551,0.4901790649385152
1,adjusted_microcanonical_omelyan,Rosenbrock_12,25532.154973560147,False,x2,2084082.1264367816,6.92820323027551,0.4901790649385152
2,adjusted_microcanonical_omelyan,Rosenbrock_12,85720.1435677421,True,x,2084082.1264367816,6.92820323027551,0.4901790649385152
3,adjusted_microcanonical_omelyan,Rosenbrock_12,21995.845420435475,False,x,2084082.1264367816,6.92820323027551,0.4901790649385152
