,Sampler,Model,num_grads_to_low_error,max,statistic,num_tuning_grads,L,step_size
0,adjusted_microcanonical_omelyan,Gaussian_100000,3630.000000003143,True,x2,108207.216796875,3.2025607091822472,2.9114188265264334
1,adjusted_microcanonical_omelyan,Gaussian_100000,1001.0000000008667,False,x2,108207.216796875,3.2025607091822472,2.9114188265264334
2,adjusted_microcanonical_omelyan,Gaussian_100000,5984.000000005181,True,x,108207.216796875,3.2025607091822472,2.9114188265264334
3,adjusted_microcanonical_omelyan,Gaussian_100000,1644.500000001424,False,x,108207.216796875,3.2025607091822472,2.9114188265264334
