,Sampler,Model,num_grads_to_low_error,max,statistic,num_tuning_grads,L,step_size
0,adjusted_microcanonical_mclachlan,Gaussian_9,1500.4000000056033,True,x2,42864.12890625,3.159454439317285,2.872231308459173
1,adjusted_microcanonical_mclachlan,Gaussian_9,409.20000000152817,False,x2,42864.12890625,3.159454439317285,2.872231308459173
2,adjusted_microcanonical_mclachlan,Gaussian_9,2195.6000000081995,True,x,42864.12890625,3.159454439317285,2.872231308459173
3,adjusted_microcanonical_mclachlan,Gaussian_9,633.6000000023662,False,x,42864.12890625,3.159454439317285,2.872231308459173
