,Sampler,Model,num_grads_to_low_error,max,statistic,num_tuning_grads,L,step_size
0,adjusted_microcanonical_omelyan,Gaussian_5,2359.5000000076725,True,x2,102390.224609375,2.3404483951344677,2.1276803592058355
1,adjusted_microcanonical_omelyan,Gaussian_5,841.5000000027363,False,x2,102390.224609375,2.3404483951344677,2.1276803592058355
2,adjusted_microcanonical_omelyan,Gaussian_5,4070.0000000132345,True,x,102390.224609375,2.3404483951344677,2.1276803592058355
3,adjusted_microcanonical_omelyan,Gaussian_5,1551.0000000050434,False,x,102390.224609375,2.3404483951344677,2.1276803592058355
