,Sampler,Model,num_grads_to_low_error,max,statistic,num_tuning_grads,L,step_size
0,adjusted_microcanonical_mclachlan,Rosenbrock_1126,587703.4097615684,True,x2,3205695.0,67.11184694225007,1.9016087403898387
1,adjusted_microcanonical_mclachlan,Rosenbrock_1126,27108.48160341649,False,x2,3205695.0,67.11184694225007,1.9016087403898387
2,adjusted_microcanonical_mclachlan,Rosenbrock_1126,340197.3251220418,True,x,3205695.0,67.11184694225007,1.9016087403898387
3,adjusted_microcanonical_mclachlan,Rosenbrock_1126,20048.98118586011,False,x,3205695.0,67.11184694225007,1.9016087403898387
