,Sampler,Model,num_grads_to_low_error,max,statistic,num_tuning_grads,L,step_size
0,adjusted_microcanonical_mclachlan,Rosenbrock_6326,827147.2067849138,True,x2,4939491.5,159.0723106011854,3.083682760058016
1,adjusted_microcanonical_mclachlan,Rosenbrock_6326,42513.05503934437,False,x2,4939491.5,159.0723106011854,3.083682760058016
2,adjusted_microcanonical_mclachlan,Rosenbrock_6326,604366.4159355339,True,x,4939491.5,159.0723106011854,3.083682760058016
3,adjusted_microcanonical_mclachlan,Rosenbrock_6326,32194.35235989185,False,x,4939491.5,159.0723106011854,3.083682760058016
