,Sampler,Model,num_grads_to_low_error,max,statistic,num_tuning_grads,L,step_size
0,adjusted_microcanonical_velocity_verlet,Rosenbrock_200,288610.60728245135,True,x2,1338660.8888888888,28.284271247461902,0.41159180974997156
1,adjusted_microcanonical_velocity_verlet,Rosenbrock_200,27156.071909616076,False,x2,1338660.8888888888,28.284271247461902,0.41159180974997156
2,adjusted_microcanonical_velocity_verlet,Rosenbrock_200,203429.91590013664,True,x,1338660.8888888888,28.284271247461902,0.41159180974997156
3,adjusted_microcanonical_velocity_verlet,Rosenbrock_200,21587.358429416323,False,x,1338660.8888888888,28.284271247461902,0.41159180974997156
