,Sampler,Model,num_grads_to_low_error,max,statistic,num_tuning_grads,L,step_size
0,adjusted_microcanonical_mclachlan,Gaussian_7,1203.4000000054652,True,x2,42008.34765625,2.817560375892552,2.5614185235266835
1,adjusted_microcanonical_mclachlan,Gaussian_7,385.0000000017485,False,x2,42008.34765625,2.817560375892552,2.5614185235266835
2,adjusted_microcanonical_mclachlan,Gaussian_7,1837.0000000083428,True,x,42008.34765625,2.817560375892552,2.5614185235266835
3,adjusted_microcanonical_mclachlan,Gaussian_7,596.2000000027076,False,x,42008.34765625,2.817560375892552,2.5614185235266835
