,Sampler,Model,num_grads_to_low_error,max,statistic,num_tuning_grads,L,step_size
0,adjusted_microcanonical_omelyan,Rosenbrock_20,156695.59609777154,True,x2,2600577.5925925924,8.94427190999916,0.6036840328491155
1,adjusted_microcanonical_omelyan,Rosenbrock_20,31131.57538366322,False,x2,2600577.5925925924,8.94427190999916,0.6036840328491155
2,adjusted_microcanonical_omelyan,Rosenbrock_20,109331.12783548393,True,x,2600577.5925925924,8.94427190999916,0.6036840328491155
3,adjusted_microcanonical_omelyan,Rosenbrock_20,21569.73437296666,False,x,2600577.5925925924,8.94427190999916,0.6036840328491155
