,Sampler,Model,num_grads_to_low_error,max,statistic,num_tuning_grads,L,step_size
0,adjusted_microcanonical_mclachlan,Gaussian_2,422.400000006356,True,x2,38135.63492063492,1.6738514197813648,1.5216831088680567
1,adjusted_microcanonical_mclachlan,Gaussian_2,275.000000004138,False,x2,38135.63492063492,1.6738514197813648,1.5216831088680567
2,adjusted_microcanonical_mclachlan,Gaussian_2,695.2000000104608,True,x,38135.63492063492,1.6738514197813648,1.5216831088680567
3,adjusted_microcanonical_mclachlan,Gaussian_2,459.8000000069187,False,x,38135.63492063492,1.6738514197813648,1.5216831088680567
