,Sampler,Model,num_grads_to_low_error,max,statistic,num_tuning_grads,L,step_size
0,adjusted_microcanonical_omelyan,Rosenbrock_2,42491.278491711666,True,x2,715374.6130952381,2.8284271247461903,0.22750710631790172
1,adjusted_microcanonical_omelyan,Rosenbrock_2,32965.21015728663,False,x2,715374.6130952381,2.8284271247461903,0.22750710631790172
2,adjusted_microcanonical_omelyan,Rosenbrock_2,37477.55831569849,True,x,715374.6130952381,2.8284271247461903,0.22750710631790172
3,adjusted_microcanonical_omelyan,Rosenbrock_2,22749.755298659784,False,x,715374.6130952381,2.8284271247461903,0.22750710631790172
