,Sampler,Model,num_grads_to_low_error,max,statistic,num_tuning_grads,L,step_size
0,adjusted_microcanonical_omelyan,Gaussian_8,3360.500000004424,True,x2,106211.357421875,2.8826750472373597,2.6206136793028394
1,adjusted_microcanonical_omelyan,Gaussian_8,940.5000000012382,False,x2,106211.357421875,2.8826750472373597,2.6206136793028394
2,adjusted_microcanonical_omelyan,Gaussian_8,5516.500000007262,True,x,106211.357421875,2.8826750472373597,2.6206136793028394
3,adjusted_microcanonical_omelyan,Gaussian_8,1661.0000000021867,False,x,106211.357421875,2.8826750472373597,2.6206136793028394
