,Sampler,Model,num_grads_to_low_error,max,statistic,num_tuning_grads,L,step_size
0,adjusted_microcanonical_omelyan,Gaussian_2,1045.0000000097734,True,x2,95338.76984126984,1.6123229278444953,1.4657481162077952
1,adjusted_microcanonical_omelyan,Gaussian_2,621.5000000058126,False,x2,95338.76984126984,1.6123229278444953,1.4657481162077952
2,adjusted_microcanonical_omelyan,Gaussian_2,1721.5000000161003,True,x,95338.76984126984,1.6123229278444953,1.4657481162077952
3,adjusted_microcanonical_omelyan,Gaussian_2,1116.5000000104421,False,x,95338.76984126984,1.6123229278444953,1.4657481162077952
