,Sampler,Model,num_grads_to_low_error,max,statistic,num_tuning_grads,L,step_size
0,adjusted_microcanonical_velocity_verlet,Gaussian_2,217.92426642261978,True,x2,19069.950396825396,1.4921062619225116,1.3555775799989576
1,adjusted_microcanonical_velocity_verlet,Gaussian_2,143.08158906535644,False,x2,19069.950396825396,1.4921062619225116,1.3555775799989576
2,adjusted_microcanonical_velocity_verlet,Gaussian_2,390.72280090924255,True,x,19069.950396825396,1.4921062619225116,1.3555775799989576
3,adjusted_microcanonical_velocity_verlet,Gaussian_2,236.63493576193562,False,x,19069.950396825396,1.4921062619225116,1.3555775799989576
