,Sampler,Model,num_grads_to_low_error,max,statistic,num_tuning_grads,L,step_size
0,adjusted_microcanonical,Phi4_L16_lam5.103,26488.341587153915,True,x2,194054.03125,32.0,2.489770006497584
1,adjusted_microcanonical,Phi4_L16_lam5.103,2661.6925769615827,False,x2,194054.03125,32.0,2.489770006497584
2,adjusted_microcanonical,Phi4_L16_lam5.103,26372.615822938194,True,x,194054.03125,32.0,2.489770006497584
3,adjusted_microcanonical,Phi4_L16_lam5.103,2815.9935959158774,False,x,194054.03125,32.0,2.489770006497584
