,Sampler,Model,num_grads_to_low_error,max,statistic,num_tuning_grads,L,step_size
0,adjusted_microcanonical_omelyan,Phi4_L16_lam5.483,22976.806768677365,True,x2,555466.25,32.0,11.011842090741707
1,adjusted_microcanonical_omelyan,Phi4_L16_lam5.483,2354.359706847396,False,x2,555466.25,32.0,11.011842090741707
2,adjusted_microcanonical_omelyan,Phi4_L16_lam5.483,24560.912991185796,True,x,555466.25,32.0,11.011842090741707
3,adjusted_microcanonical_omelyan,Phi4_L16_lam5.483,2572.3559759999325,False,x,555466.25,32.0,11.011842090741707
