,Sampler,Model,num_grads_to_low_error,max,statistic,num_tuning_grads,L,step_size
0,adjusted_microcanonical,Phi4_L8_lam8.234,8781.82489277116,True,x2,134331.8515625,15.493168989008176,2.072202242784808
1,adjusted_microcanonical,Phi4_L8_lam8.234,1518.4927199595786,False,x2,134331.8515625,15.493168989008176,2.072202242784808
2,adjusted_microcanonical,Phi4_L8_lam8.234,9125.91683916594,True,x,134331.8515625,15.493168989008176,2.072202242784808
3,adjusted_microcanonical,Phi4_L8_lam8.234,1563.3742781849849,False,x,134331.8515625,15.493168989008176,2.072202242784808
