,Sampler,Model,num_grads_to_low_error,max,statistic,num_tuning_grads,L,step_size
0,nuts_velocity_verlet,Phi4_L32_lam4.107,inf,True,x2,141433.75,5.3734154169197454,0.13798089428358468
1,nuts_velocity_verlet,Phi4_L32_lam4.107,5664.196800000001,False,x2,141433.75,5.3734154169197454,0.13798089428358468
2,nuts_velocity_verlet,Phi4_L32_lam4.107,635040.6588000001,True,x,141433.75,5.3734154169197454,0.13798089428358468
3,nuts_velocity_verlet,Phi4_L32_lam4.107,6314.814000000001,False,x,141433.75,5.3734154169197454,0.13798089428358468
