,Sampler,Model,num_grads_to_low_error,max,statistic,num_tuning_grads,L,step_size
0,nuts,Phi4_L16_lam5.483,39797.942756250006,True,x2,89224.953125,3.149733245343598,0.17406899770650502
1,nuts,Phi4_L16_lam5.483,3569.4872375000004,False,x2,89224.953125,3.149733245343598,0.17406899770650502
2,nuts,Phi4_L16_lam5.483,45998.54687500001,True,x,89224.953125,3.149733245343598,0.17406899770650502
3,nuts,Phi4_L16_lam5.483,3771.8808437500006,False,x,89224.953125,3.149733245343598,0.17406899770650502
