,Sampler,Model,num_grads_to_low_error,max,statistic,num_tuning_grads,L,step_size
0,nuts_omelyan,Phi4_L8_lam4.439,24778.612999999998,True,x2,99021.25,2.72362216096026,0.6768838514709262
1,nuts_omelyan,Phi4_L8_lam4.439,4898.807,False,x2,99021.25,2.72362216096026,0.6768838514709262
2,nuts_omelyan,Phi4_L8_lam4.439,23762.263,True,x,99021.25,2.72362216096026,0.6768838514709262
3,nuts_omelyan,Phi4_L8_lam4.439,7033.142,False,x,99021.25,2.72362216096026,0.6768838514709262
