,Sampler,Model,num_grads_to_low_error,max,statistic,num_tuning_grads,L,step_size
0,nuts_omelyan,Phi4_L32_lam4.297,782867.74075,True,x2,150900.0,9.83197649700388,0.560498972229321
1,nuts_omelyan,Phi4_L32_lam4.297,11757.386250000001,False,x2,150900.0,9.83197649700388,0.560498972229321
2,nuts_omelyan,Phi4_L32_lam4.297,797934.6135000001,True,x,150900.0,9.83197649700388,0.560498972229321
3,nuts_omelyan,Phi4_L32_lam4.297,13934.68,False,x,150900.0,9.83197649700388,0.560498972229321
