,Sampler,Model,num_grads_to_low_error,max,statistic,num_tuning_grads,L,step_size
0,nuts,Phi4_L32_lam3.917,77889.75860000002,True,x2,127689.25,5.050949292186911,0.1565204935281177
1,nuts,Phi4_L32_lam3.917,4672.741000000001,False,x2,127689.25,5.050949292186911,0.1565204935281177
2,nuts,Phi4_L32_lam3.917,81917.98360000002,True,x,127689.25,5.050949292186911,0.1565204935281177
3,nuts,Phi4_L32_lam3.917,5446.160200000001,False,x,127689.25,5.050949292186911,0.1565204935281177
