,Sampler,Model,num_grads_to_low_error,max,statistic,num_tuning_grads,L,step_size
0,nuts_omelyan,Phi4_L16_lam4.724,138922.79625,True,x2,102153.75,6.474492721531031,0.6800022844098846
1,nuts_omelyan,Phi4_L16_lam4.724,7056.396000000001,False,x2,102153.75,6.474492721531031,0.6800022844098846
2,nuts_omelyan,Phi4_L16_lam4.724,150389.43975000002,True,x,102153.75,6.474492721531031,0.6800022844098846
3,nuts_omelyan,Phi4_L16_lam4.724,7350.412500000001,False,x,102153.75,6.474492721531031,0.6800022844098846
