,Sampler,Model,num_grads_to_low_error,max,statistic,num_tuning_grads,L,step_size
0,nuts_mclachlan,Phi4_L16_lam4.344,135947.92620000002,True,x2,85066.5,3.9704892992753305,0.26131656732720643
1,nuts_mclachlan,Phi4_L16_lam4.344,6982.682400000001,False,x2,85066.5,3.9704892992753305,0.26131656732720643
2,nuts_mclachlan,Phi4_L16_lam4.344,110222.25420000001,True,x,85066.5,3.9704892992753305,0.26131656732720643
3,nuts_mclachlan,Phi4_L16_lam4.344,8023.9596,False,x,85066.5,3.9704892992753305,0.26131656732720643
