,Sampler,Model,num_grads_to_low_error,max,statistic,num_tuning_grads,L,step_size
0,nuts_omelyan,Phi4_L16_lam6.242,79545.25275000001,True,x2,105558.75,8.897814375515374,0.7311488474345458
1,nuts_omelyan,Phi4_L16_lam6.242,8979.937000000002,False,x2,105558.75,8.897814375515374,0.7311488474345458
2,nuts_omelyan,Phi4_L16_lam6.242,91558.95225,True,x,105558.75,8.897814375515374,0.7311488474345458
3,nuts_omelyan,Phi4_L16_lam6.242,9768.715250000001,False,x,105558.75,8.897814375515374,0.7311488474345458
