,Sampler,Model,num_grads_to_low_error,max,statistic,num_tuning_grads,L,step_size
0,nuts_mclachlan,Phi4_L16_lam5.483,68879.376,True,x2,88972.5,5.419796197605656,0.32276747977537423
1,nuts_mclachlan,Phi4_L16_lam5.483,5290.434,False,x2,88972.5,5.419796197605656,0.32276747977537423
2,nuts_mclachlan,Phi4_L16_lam5.483,54633.240000000005,True,x,88972.5,5.419796197605656,0.32276747977537423
3,nuts_mclachlan,Phi4_L16_lam5.483,5601.636,False,x,88972.5,5.419796197605656,0.32276747977537423
