,Sampler,Model,num_grads_to_low_error,max,statistic,num_tuning_grads,L,step_size
0,nuts_omelyan,Phi4_L8_lam5.198,80626.6575,True,x2,98970.0,4.3257465687671415,0.7200802286499586
1,nuts_omelyan,Phi4_L8_lam5.198,8002.27125,False,x2,98970.0,4.3257465687671415,0.7200802286499586
2,nuts_omelyan,Phi4_L8_lam5.198,89595.24075,True,x,98970.0,4.3257465687671415,0.7200802286499586
3,nuts_omelyan,Phi4_L8_lam5.198,9512.13375,False,x,98970.0,4.3257465687671415,0.7200802286499586
