,Sampler,Model,num_grads_to_low_error,max,statistic,num_tuning_grads,L,step_size
0,nuts_mclachlan,Phi4_L16_lam5.862,55041.616,True,x2,89115.5,6.744533278026806,0.32914267905651784
1,nuts_mclachlan,Phi4_L16_lam5.862,6916.224,False,x2,89115.5,6.744533278026806,0.32914267905651784
2,nuts_mclachlan,Phi4_L16_lam5.862,48495.904,True,x,89115.5,6.744533278026806,0.32914267905651784
3,nuts_mclachlan,Phi4_L16_lam5.862,7286.736,False,x,89115.5,6.744533278026806,0.32914267905651784
