,Sampler,Model,num_grads_to_low_error,max,statistic,num_tuning_grads,L,step_size
0,nuts_mclachlan,Phi4_L16_lam3.585,32344.518600000003,True,x2,82042.0,3.153286075379296,0.43997713775920866
1,nuts_mclachlan,Phi4_L16_lam3.585,3876.1740000000004,False,x2,82042.0,3.153286075379296,0.43997713775920866
2,nuts_mclachlan,Phi4_L16_lam3.585,20270.954400000002,True,x,82042.0,3.153286075379296,0.43997713775920866
3,nuts_mclachlan,Phi4_L16_lam3.585,2871.2400000000002,False,x,82042.0,3.153286075379296,0.43997713775920866
