,Sampler,Model,num_grads_to_low_error,max,statistic,num_tuning_grads,L,step_size
0,nuts_omelyan,Phi4_L32_lam4.676,412971.25525,True,x2,208332.5,12.714498983897354,0.5934644025836835
1,nuts_omelyan,Phi4_L32_lam4.676,13634.336,False,x2,208332.5,12.714498983897354,0.5934644025836835
2,nuts_omelyan,Phi4_L32_lam4.676,540047.5275,True,x,208332.5,12.714498983897354,0.5934644025836835
3,nuts_omelyan,Phi4_L32_lam4.676,14593.00025,False,x,208332.5,12.714498983897354,0.5934644025836835
