,Sampler,Model,num_grads_to_low_error,max,statistic,num_tuning_grads,L,step_size
0,nuts_omelyan,Phi4_L64_lam4.368,inf,True,x2,34006.25,3.446981604945969,0.49234533235725036
1,nuts_omelyan,Phi4_L64_lam4.368,6510.93,False,x2,34006.25,3.446981604945969,0.49234533235725036
2,nuts_omelyan,Phi4_L64_lam4.368,inf,True,x,34006.25,3.446981604945969,0.49234533235725036
3,nuts_omelyan,Phi4_L64_lam4.368,7211.030000000001,False,x,34006.25,3.446981604945969,0.49234533235725036
