,Sampler,Model,num_grads_to_low_error,max,statistic,num_tuning_grads,L,step_size
0,nuts,Phi4_L16_lam4.724,70747.02988125001,True,x2,88528.578125,2.7555341895489116,0.1562609834062298
1,nuts,Phi4_L16_lam4.724,4076.4020250000003,False,x2,88528.578125,2.7555341895489116,0.1562609834062298
2,nuts,Phi4_L16_lam4.724,81688.95110625001,True,x,88528.578125,2.7555341895489116,0.1562609834062298
3,nuts,Phi4_L16_lam4.724,4523.375931250001,False,x,88528.578125,2.7555341895489116,0.1562609834062298
