,Sampler,Model,num_grads_to_low_error,max,statistic,num_tuning_grads,L,step_size
0,nuts_omelyan,Phi4_L16_lam3.965,62180.56,True,x2,91918.75,3.380988602203198,0.9611960747864075
1,nuts_omelyan,Phi4_L16_lam3.965,3058.64,False,x2,91918.75,3.380988602203198,0.9611960747864075
2,nuts_omelyan,Phi4_L16_lam3.965,62215.92,True,x,91918.75,3.380988602203198,0.9611960747864075
3,nuts_omelyan,Phi4_L16_lam3.965,3765.84,False,x,91918.75,3.380988602203198,0.9611960747864075
