,Sampler,Model,num_grads_to_low_error,max,statistic,num_tuning_grads,L,step_size
0,nuts_velocity_verlet,Phi4_L16_lam3.965,246513.27800000002,True,x2,81348.75,3.097689776990705,0.20450171719994692
1,nuts_velocity_verlet,Phi4_L16_lam3.965,3151.4912,False,x2,81348.75,3.097689776990705,0.20450171719994692
2,nuts_velocity_verlet,Phi4_L16_lam3.965,135680.787,True,x,81348.75,3.097689776990705,0.20450171719994692
3,nuts_velocity_verlet,Phi4_L16_lam3.965,3757.5472,False,x,81348.75,3.097689776990705,0.20450171719994692
