,Sampler,Model,num_grads_to_low_error,max,statistic,num_tuning_grads,L,step_size
0,nuts_omelyan,Phi4_L8_lam2.921,20970.01775,True,x2,132237.5,4.036563223091855,1.3445907253067253
1,nuts_omelyan,Phi4_L8_lam2.921,3062.1929999999998,False,x2,132237.5,4.036563223091855,1.3445907253067253
2,nuts_omelyan,Phi4_L8_lam2.921,19483.9535,True,x,132237.5,4.036563223091855,1.3445907253067253
3,nuts_omelyan,Phi4_L8_lam2.921,2882.064,False,x,132237.5,4.036563223091855,1.3445907253067253
