,Sampler,Model,num_grads_to_low_error,max,statistic,num_tuning_grads,L,step_size
0,nuts,Phi4_L16_lam6.242,30377.166325000002,True,x2,87930.296875,3.1829191767058167,0.18691614323096714
1,nuts,Phi4_L16_lam6.242,3172.1899,False,x2,87930.296875,3.1829191767058167,0.18691614323096714
2,nuts,Phi4_L16_lam6.242,32066.702250000002,True,x,87930.296875,3.1829191767058167,0.18691614323096714
3,nuts,Phi4_L16_lam6.242,3344.5915250000003,False,x,87930.296875,3.1829191767058167,0.18691614323096714
