,Sampler,Model,num_grads_to_low_error,max,statistic,num_tuning_grads,L,step_size
0,nuts_omelyan,Phi4_L8_lam8.234,25034.982,True,x2,94127.5,4.666143344066766,0.9093205293872078
1,nuts_omelyan,Phi4_L8_lam8.234,3839.3985,False,x2,94127.5,4.666143344066766,0.9093205293872078
2,nuts_omelyan,Phi4_L8_lam8.234,30005.162249999998,True,x,94127.5,4.666143344066766,0.9093205293872078
3,nuts_omelyan,Phi4_L8_lam8.234,4312.749,False,x,94127.5,4.666143344066766,0.9093205293872078
