,Sampler,Model,num_grads_to_low_error,max,statistic,num_tuning_grads,L,step_size
0,nuts_velocity_verlet,Phi4_L16_lam6.242,30343.752800000002,True,x2,88444.0,3.372141547729915,0.18385761375920334
1,nuts_velocity_verlet,Phi4_L16_lam6.242,3809.2280000000005,False,x2,88444.0,3.372141547729915,0.18385761375920334
2,nuts_velocity_verlet,Phi4_L16_lam6.242,34413.1232,True,x,88444.0,3.372141547729915,0.18385761375920334
3,nuts_velocity_verlet,Phi4_L16_lam6.242,3809.2280000000005,False,x,88444.0,3.372141547729915,0.18385761375920334
