,Sampler,Model,num_grads_to_low_error,max,statistic,num_tuning_grads,L,step_size
0,nuts_mclachlan,Phi4_L8_lam5.198,40082.016200000005,True,x2,82259.5,2.9389292774367206,0.36482923453918936
1,nuts_mclachlan,Phi4_L8_lam5.198,3272.6626000000006,False,x2,82259.5,2.9389292774367206,0.36482923453918936
2,nuts_mclachlan,Phi4_L8_lam5.198,44472.56850000001,True,x,82259.5,2.9389292774367206,0.36482923453918936
3,nuts_mclachlan,Phi4_L8_lam5.198,3159.2535000000007,False,x,82259.5,2.9389292774367206,0.36482923453918936
