,Sampler,Model,num_grads_to_low_error,max,statistic,num_tuning_grads,L,step_size
0,nuts_velocity_verlet,Phi4_L16_lam4.344,166567.13040000002,True,x2,85877.75,2.3051113800815832,0.1459057112819881
1,nuts_velocity_verlet,Phi4_L16_lam4.344,3262.9164,False,x2,85877.75,2.3051113800815832,0.1459057112819881
2,nuts_velocity_verlet,Phi4_L16_lam4.344,182137.2606,True,x,85877.75,2.3051113800815832,0.1459057112819881
3,nuts_velocity_verlet,Phi4_L16_lam4.344,7460.357400000001,False,x,85877.75,2.3051113800815832,0.1459057112819881
