,Sampler,Model,num_grads_to_low_error,max,statistic,num_tuning_grads,L,step_size
0,nuts_omelyan,Phi4_L64_lam4.463,inf,True,x2,38443.75,3.517736029346517,0.5021520736487154
1,nuts_omelyan,Phi4_L64_lam4.463,6269.474999999999,False,x2,38443.75,3.517736029346517,0.5021520736487154
2,nuts_omelyan,Phi4_L64_lam4.463,inf,True,x,38443.75,3.517736029346517,0.5021520736487154
3,nuts_omelyan,Phi4_L64_lam4.463,7355.25,False,x,38443.75,3.517736029346517,0.5021520736487154
