,Sampler,Model,num_grads_to_low_error,max,statistic,num_tuning_grads,L,step_size
0,nuts_omelyan,Phi4_L16_lam4.344,114720.91650000002,True,x2,98137.5,4.391228333173544,0.6136098451176999
1,nuts_omelyan,Phi4_L16_lam4.344,7492.281000000001,False,x2,98137.5,4.391228333173544,0.6136098451176999
2,nuts_omelyan,Phi4_L16_lam4.344,118875.05250000002,True,x,98137.5,4.391228333173544,0.6136098451176999
3,nuts_omelyan,Phi4_L16_lam4.344,8716.267500000002,False,x,98137.5,4.391228333173544,0.6136098451176999
