,Sampler,Model,num_grads_to_low_error,max,statistic,num_tuning_grads,L,step_size
0,nuts_omelyan,Phi4_L8_lam3.680,27081.375,True,x2,107088.75,2.538734809584894,0.7867167618221476
1,nuts_omelyan,Phi4_L8_lam3.680,3324.9375,False,x2,107088.75,2.538734809584894,0.7867167618221476
2,nuts_omelyan,Phi4_L8_lam3.680,28109.375,True,x,107088.75,2.538734809584894,0.7867167618221476
3,nuts_omelyan,Phi4_L8_lam3.680,4176.25,False,x,107088.75,2.538734809584894,0.7867167618221476
