,Sampler,Model,num_grads_to_low_error,max,statistic,num_tuning_grads,L,step_size
0,nuts_velocity_verlet,Phi4_L16_lam5.483,41203.06800000001,True,x2,89245.0,3.1339954218030344,0.17424382990284193
1,nuts_velocity_verlet,Phi4_L16_lam5.483,2946.9744000000005,False,x2,89245.0,3.1339954218030344,0.17424382990284193
2,nuts_velocity_verlet,Phi4_L16_lam5.483,45950.97120000001,True,x,89245.0,3.1339954218030344,0.17424382990284193
3,nuts_velocity_verlet,Phi4_L16_lam5.483,3274.416,False,x,89245.0,3.1339954218030344,0.17424382990284193
