,Sampler,Model,num_grads_to_low_error,max,statistic,num_tuning_grads,L,step_size
0,unadjusted_microcanonical,Phi4_L32_lam4.297,inf,True,x2,22220.0,564.7336536305431,14.234641219999123
1,unadjusted_microcanonical,Phi4_L32_lam4.297,2632.0,False,x2,22220.0,564.7336536305431,14.234641219999123
2,unadjusted_microcanonical,Phi4_L32_lam4.297,inf,True,x,22220.0,564.7336536305431,14.234641219999123
3,unadjusted_microcanonical,Phi4_L32_lam4.297,2832.0,False,x,22220.0,564.7336536305431,14.234641219999123
