,Sampler,Model,num_grads_to_low_error,max,statistic,num_tuning_grads,L,step_size
0,unadjusted_microcanonical,Phi4_L32_lam3.917,inf,True,x2,22220.0,96.06073239888796,18.826992729308373
1,unadjusted_microcanonical,Phi4_L32_lam3.917,1502.0,False,x2,22220.0,96.06073239888796,18.826992729308373
2,unadjusted_microcanonical,Phi4_L32_lam3.917,inf,True,x,22220.0,96.06073239888796,18.826992729308373
3,unadjusted_microcanonical,Phi4_L32_lam3.917,1524.0,False,x,22220.0,96.06073239888796,18.826992729308373
