,Sampler,Model,num_grads_to_low_error,grads_to_low_error_std,ess_corr,max,statistic,num_tuning_grads,L,step_size,batch_size,tuning_outcome
0,adjusted_canonical_nolangevin_alba_omelyan_precond:False,ICG_2155_1,215.67560184934263,8.244392033376384,,True,identity,25000.0390625,0.20238147838432055,2.195805205674704,128,success
1,adjusted_canonical_nolangevin_alba_omelyan_precond:False,ICG_2155_1,15.668740305294124,1.0497142468310126,,False,identity,25000.0390625,0.20238147838432055,2.195805205674704,128,success
2,adjusted_canonical_nolangevin_alba_omelyan_precond:False,ICG_2155_1,1754.898914192942,71.13748589878617,,True,square,25000.0390625,0.20238147838432055,2.195805205674704,128,success
3,adjusted_canonical_nolangevin_alba_omelyan_precond:False,ICG_2155_1,123.04569592686856,1.6155184926208672,,False,square,25000.0390625,0.20238147838432055,2.195805205674704,128,success
