,Sampler,Model,num_grads_to_low_error,max,statistic,num_tuning_grads,L,step_size
0,adjusted_microcanonical,Brownian_Motion,17273.78125,True,x2,29332.3828125,8.97463607788086,1.1044343709945679
1,adjusted_microcanonical,Brownian_Motion,3149.63525390625,False,x2,29332.3828125,8.97463607788086,1.1044343709945679
2,adjusted_microcanonical,Brownian_Motion,59367.34375,True,x,29332.3828125,8.97463607788086,1.1044343709945679
3,adjusted_microcanonical,Brownian_Motion,4010.863525390625,False,x,29332.3828125,8.97463607788086,1.1044343709945679
