,Sampler,Model,num_grads_to_low_error,max,statistic,num_tuning_grads,L,step_size
0,adjusted_microcanonical,Neals_Funnel,inf,True,x2,820823.25,15.291936874389648,0.2625182569026947
1,adjusted_microcanonical,Neals_Funnel,1071.03515625,False,x2,820823.25,15.291936874389648,0.2625182569026947
2,adjusted_microcanonical,Neals_Funnel,inf,True,x,820823.25,15.291936874389648,0.2625182569026947
3,adjusted_microcanonical,Neals_Funnel,714.0234375,False,x,820823.25,15.291936874389648,0.2625182569026947
