,Sampler,Model,num_grads_to_low_error,max,statistic,num_tuning_grads,L,step_size
0,adjusted_microcanonical,Banana,15642.6796875,True,x2,124306.953125,5.406010150909424,0.17235635221004486
1,adjusted_microcanonical,Banana,11929.6923828125,False,x2,124306.953125,5.406010150909424,0.17235635221004486
2,adjusted_microcanonical,Banana,22243.546875,True,x,124306.953125,5.406010150909424,0.17235635221004486
3,adjusted_microcanonical,Banana,11379.6201171875,False,x,124306.953125,5.406010150909424,0.17235635221004486
