,Sampler,Model,num_grads_to_low_error,max,statistic,num_tuning_grads,L,step_size
0,adjusted_microcanonical,Gaussian_100D,3288.3232421875,True,x2,18106.2265625,9.355878829956055,5.6852617263793945
1,adjusted_microcanonical,Gaussian_100D,447.5819091796875,False,x2,18106.2265625,9.355878829956055,5.6852617263793945
2,adjusted_microcanonical,Gaussian_100D,5083.60595703125,True,x,18106.2265625,9.355878829956055,5.6852617263793945
3,adjusted_microcanonical,Gaussian_100D,647.4247436523438,False,x,18106.2265625,9.355878829956055,5.6852617263793945
