,Sampler,Model,num_grads_to_low_error,max,statistic,num_tuning_grads,L,step_size
0,adjusted_microcanonical_gridsearch,banana,16289.595703125,True,x2,0.0,3.5512473583221436,0.17876581847667694
1,adjusted_microcanonical_gridsearch,banana,11283.5244140625,False,x2,0.0,3.5512473583221436,0.17876581847667694
2,adjusted_microcanonical_gridsearch,banana,19428.322265625,True,x,0.0,3.5512473583221436,0.17876581847667694
3,adjusted_microcanonical_gridsearch,banana,12654.234375,False,x,0.0,3.5512473583221436,0.17876581847667694
