,Sampler,Model,num_grads_to_low_error,max,statistic,num_tuning_grads,L,step_size
0,adjusted_microcanonical,German_Credit,58080.24609375,True,x2,901731.125,16.767154693603516,0.3733047842979431
1,adjusted_microcanonical,German_Credit,8322.8857421875,False,x2,901731.125,16.767154693603516,0.3733047842979431
2,adjusted_microcanonical,German_Credit,49127.51953125,True,x,901731.125,16.767154693603516,0.3733047842979431
3,adjusted_microcanonical,German_Credit,7378.12548828125,False,x,901731.125,16.767154693603516,0.3733047842979431
