,Sampler,Model,num_grads_to_low_error,max,statistic,num_tuning_grads,L,step_size
0,adjusted_microcanonical,Banana,23608.54296875,True,x2,112607.1171875,5.428960800170898,0.12092625349760056
1,adjusted_microcanonical,Banana,8551.1259765625,False,x2,112607.1171875,5.428960800170898,0.12092625349760056
2,adjusted_microcanonical,Banana,26396.953125,True,x,112607.1171875,5.428960800170898,0.12092625349760056
3,adjusted_microcanonical,Banana,11386.009765625,False,x,112607.1171875,5.428960800170898,0.12092625349760056
