,Sampler,Model,num_grads_to_low_error,max,statistic,num_tuning_grads,L,step_size
0,adjusted_microcanonical,Brownian_Motion,15149.556640625,True,x2,459492.8125,15.907583236694336,1.0854480266571045
1,adjusted_microcanonical,Brownian_Motion,2812.016845703125,False,x2,459492.8125,15.907583236694336,1.0854480266571045
2,adjusted_microcanonical,Brownian_Motion,51779.38671875,True,x,459492.8125,15.907583236694336,1.0854480266571045
3,adjusted_microcanonical,Brownian_Motion,3077.023681640625,False,x,459492.8125,15.907583236694336,1.0854480266571045
