,Sampler,Model,num_grads_to_low_error,max,statistic,num_tuning_grads,L,step_size
0,adjusted_microcanonical,Banana,16594.1171875,True,x2,461873.15625,4.883062839508057,0.11265888810157776
1,adjusted_microcanonical,Banana,8602.740234375,False,x2,461873.15625,4.883062839508057,0.11265888810157776
2,adjusted_microcanonical,Banana,19956.611328125,True,x,461873.15625,4.883062839508057,0.11265888810157776
3,adjusted_microcanonical,Banana,10262.15234375,False,x,461873.15625,4.883062839508057,0.11265888810157776
