,Sampler,Model,num_grads_to_low_error,max,statistic,num_tuning_grads,L,step_size
0,adjusted_microcanonical,Rosenbrock_36D,99569.4296875,True,x2,930346.875,9.84019947052002,0.27067261934280396
1,adjusted_microcanonical,Rosenbrock_36D,17964.681640625,False,x2,930346.875,9.84019947052002,0.27067261934280396
2,adjusted_microcanonical,Rosenbrock_36D,81241.09375,True,x,930346.875,9.84019947052002,0.27067261934280396
3,adjusted_microcanonical,Rosenbrock_36D,13782.6201171875,False,x,930346.875,9.84019947052002,0.27067261934280396
