,Sampler,Model,num_grads_to_low_error,max,statistic,num_tuning_grads,L,step_size
0,nuts,Gaussian_100D,20778.68359375,True,x2,467461.9375,5.131949424743652,0.4509258270263672
1,nuts,Gaussian_100D,2687.906005859375,False,x2,467461.9375,5.131949424743652,0.4509258270263672
2,nuts,Gaussian_100D,6719.76513671875,True,x,467461.9375,5.131949424743652,0.4509258270263672
3,nuts,Gaussian_100D,888.1776733398438,False,x,467461.9375,5.131949424743652,0.4509258270263672
