,Sampler,Model,num_grads_to_low_error,max,statistic,num_tuning_grads,L,step_size
0,nuts,Rosenbrock_36D,168347.09375,True,x2,77000.578125,5.478639125823975,0.04492112249135971
1,nuts,Rosenbrock_36D,32223.64453125,False,x2,77000.578125,5.478639125823975,0.04492112249135971
2,nuts,Rosenbrock_36D,137716.265625,True,x,77000.578125,5.478639125823975,0.04492112249135971
3,nuts,Rosenbrock_36D,23279.439453125,False,x,77000.578125,5.478639125823975,0.04492112249135971
