,Sampler,Model,num_grads_to_low_error,max,statistic,num_tuning_grads,L,step_size
0,nuts,Brownian_Motion,33509.04467285157,True,x2,104919.1640625,4.4159829150136325,0.18930431831924804
1,nuts,Brownian_Motion,5882.540180664063,False,x2,104919.1640625,4.4159829150136325,0.18930431831924804
2,nuts,Brownian_Motion,40534.75055664063,True,x,104919.1640625,4.4159829150136325,0.18930431831924804
3,nuts,Brownian_Motion,6382.675175781251,False,x,104919.1640625,4.4159829150136325,0.18930431831924804
