,Sampler,Model,num_grads_to_low_error,max,statistic,num_tuning_grads,L,step_size
0,nuts,Gaussian_100D,20983.8671875,True,x2,59009.75,5.200847625732422,0.4499432444572449
1,nuts,Gaussian_100D,2702.646728515625,False,x2,59009.75,5.200847625732422,0.4499432444572449
2,nuts,Gaussian_100D,6727.11181640625,True,x,59009.75,5.200847625732422,0.4499432444572449
3,nuts,Gaussian_100D,837.9384765625,False,x,59009.75,5.200847625732422,0.4499432444572449
