,Sampler,Model,num_grads_to_low_error,max,statistic,num_tuning_grads,L,step_size
0,nuts,Banana,88201.5,True,x2,5759.796875,1.8160828351974487,0.21083426475524902
1,nuts,Banana,67744.046875,False,x2,5759.796875,1.8160828351974487,0.21083426475524902
2,nuts,Banana,91566.640625,True,x,5759.796875,1.8160828351974487,0.21083426475524902
3,nuts,Banana,31610.212890625,False,x,5759.796875,1.8160828351974487,0.21083426475524902
