,Sampler,Model,num_grads_to_low_error,max,statistic,num_tuning_grads,L,step_size
0,nuts,Banana,81387.5703125,True,x2,91508.3984375,1.8602968454360962,0.21494850516319275
1,nuts,Banana,56469.83203125,False,x2,91508.3984375,1.8602968454360962,0.21494850516319275
2,nuts,Banana,68933.2734375,True,x,91508.3984375,1.8602968454360962,0.21494850516319275
3,nuts,Banana,25558.294921875,False,x,91508.3984375,1.8602968454360962,0.21494850516319275
