,Sampler,Model,num_grads_to_low_error,max,statistic,num_tuning_grads,L,step_size
0,nuts,Brownian_Motion,35179.56640625,True,x2,489966.125,4.398051738739014,0.19018609821796417
1,nuts,Brownian_Motion,6345.0615234375,False,x2,489966.125,4.398051738739014,0.19018609821796417
2,nuts,Brownian_Motion,45934.32421875,True,x,489966.125,4.398051738739014,0.19018609821796417
3,nuts,Brownian_Motion,7716.96630859375,False,x,489966.125,4.398051738739014,0.19018609821796417
