,Sampler,Model,num_grads_to_low_error,max,statistic,num_tuning_grads,L,step_size
0,nuts,Brownian_Motion,35498.24609375,True,x2,47970.6015625,4.451990127563477,0.1922633945941925
1,nuts,Brownian_Motion,5828.42822265625,False,x2,47970.6015625,4.451990127563477,0.1922633945941925
2,nuts,Brownian_Motion,inf,True,x,47970.6015625,4.451990127563477,0.1922633945941925
3,nuts,Brownian_Motion,6787.84033203125,False,x,47970.6015625,4.451990127563477,0.1922633945941925
