,Sampler,Model,num_grads_to_low_error,max,statistic,num_tuning_grads,L,step_size
0,nuts,Banana,inf,True,x2,17947.40625,1.829087257385254,0.21346744894981384
1,nuts,Banana,inf,False,x2,17947.40625,1.829087257385254,0.21346744894981384
2,nuts,Banana,inf,True,x,17947.40625,1.829087257385254,0.21346744894981384
3,nuts,Banana,inf,False,x,17947.40625,1.829087257385254,0.21346744894981384
