,Sampler,Model,num_grads_to_low_error,max,statistic,num_tuning_grads,L,step_size
0,nuts,Brownian_Motion,39111.34375,True,x2,11449456.0,4.402976989746094,0.19558723270893097
1,nuts,Brownian_Motion,6640.68505859375,False,x2,11449456.0,4.402976989746094,0.19558723270893097
2,nuts,Brownian_Motion,79527.9296875,True,x,11449456.0,4.402976989746094,0.19558723270893097
3,nuts,Brownian_Motion,7671.13623046875,False,x,11449456.0,4.402976989746094,0.19558723270893097
