,Sampler,Model,num_grads_to_low_error,max,statistic,num_tuning_grads,L,step_size
0,nuts,German_Credit,84546.6484375,True,x2,3493663.5,4.0105695724487305,0.058458760380744934
1,nuts,German_Credit,10131.623046875,False,x2,3493663.5,4.0105695724487305,0.058458760380744934
2,nuts,German_Credit,76022.109375,True,x,3493663.5,4.0105695724487305,0.058458760380744934
3,nuts,German_Credit,10830.35546875,False,x,3493663.5,4.0105695724487305,0.058458760380744934
