,Sampler,Model,num_grads_to_low_error,max,statistic,num_tuning_grads,L,step_size
0,nuts,Rosenbrock_36D,161359.58227939453,True,x2,518219.046875,5.351551977630537,0.044886008562680824
1,nuts,Rosenbrock_36D,29305.483809082034,False,x2,518219.046875,5.351551977630537,0.044886008562680824
2,nuts,Rosenbrock_36D,128944.12875996095,True,x,518219.046875,5.351551977630537,0.044886008562680824
3,nuts,Rosenbrock_36D,21410.94531357422,False,x,518219.046875,5.351551977630537,0.044886008562680824
