,Sampler,Model,num_grads_to_low_error,max,statistic,num_tuning_grads,L,step_size
0,unadjusted_microcanonical,Banana,10278.0,True,x2,1000.0,3.6452364921569824,0.38348206877708435
1,unadjusted_microcanonical,Banana,6294.0,False,x2,1000.0,3.6452364921569824,0.38348206877708435
2,unadjusted_microcanonical,Banana,15430.0,True,x,1000.0,3.6452364921569824,0.38348206877708435
3,unadjusted_microcanonical,Banana,8248.0,False,x,1000.0,3.6452364921569824,0.38348206877708435
