,Sampler,Model,num_grads_to_low_error,ess_corr,max,statistic,num_tuning_grads,L,step_size
0,adjusted_microcanonical,U1,689580.22289526,,True,polyakov,51328118.40625,11.313708498984761,0.0019244254889225567
1,adjusted_microcanonical,U1,511028.20089559443,,False,polyakov,51328118.40625,11.313708498984761,0.0019244254889225567
2,adjusted_microcanonical,U1,inf,,True,polyakov^2,51328118.40625,11.313708498984761,0.0019244254889225567
3,adjusted_microcanonical,U1,inf,,False,polyakov^2,51328118.40625,11.313708498984761,0.0019244254889225567
