,Sampler,Model,num_grads_to_low_error,max,statistic,num_tuning_grads,L,step_size
0,adjusted_microcanonical,U1,403905.65121294366,True,x2,29649026.109375,11.313708498984761,0.0033093841677542327
1,adjusted_microcanonical,U1,250207.04057438986,False,x2,29649026.109375,11.313708498984761,0.0033093841677542327
2,adjusted_microcanonical,U1,464670.21820958116,True,x,29649026.109375,11.313708498984761,0.0033093841677542327
3,adjusted_microcanonical,U1,364587.4019798252,False,x,29649026.109375,11.313708498984761,0.0033093841677542327
