,Sampler,Model,num_grads_to_low_error,max,statistic,num_tuning_grads,L,step_size
0,adjusted_microcanonical,U1,547181.01939414,True,x2,30312571.984375,11.313708498984761,0.003285762822574528
1,adjusted_microcanonical,U1,310069.244323346,False,x2,30312571.984375,11.313708498984761,0.003285762822574528
2,adjusted_microcanonical,U1,496110.7909173536,True,x,30312571.984375,11.313708498984761,0.003285762822574528
3,adjusted_microcanonical,U1,361139.4728001324,False,x,30312571.984375,11.313708498984761,0.003285762822574528
