,Sampler,Model,num_grads_to_low_error,ess_corr,max,statistic,num_tuning_grads,L,step_size
0,nuts,U1,471575.05187499995,,True,polyakov,499486.3125,0.49944372366955214,0.00048824800943235403
1,nuts,U1,114569.20999999999,,False,polyakov,499486.3125,0.49944372366955214,0.00048824800943235403
2,nuts,U1,inf,,True,polyakov^2,499486.3125,0.49944372366955214,0.00048824800943235403
3,nuts,U1,inf,,False,polyakov^2,499486.3125,0.49944372366955214,0.00048824800943235403
