,Sampler,Model,num_grads_to_low_error,ess_corr,max,statistic,num_tuning_grads,L,step_size
0,nuts,U1,202545.73349999997,,True,polyakov,499178.953125,0.4997460791658992,0.0004885302373775699
1,nuts,U1,85928.49299999999,,False,polyakov,499178.953125,0.4997460791658992,0.0004885302373775699
2,nuts,U1,inf,,True,polyakov^2,499178.953125,0.4997460791658992,0.0004885302373775699
3,nuts,U1,inf,,False,polyakov^2,499178.953125,0.4997460791658992,0.0004885302373775699
