,Sampler,Model,num_grads_to_low_error,max,statistic,num_tuning_grads,L,step_size
0,nuts,U1,93090.65675,True,x2,499378.0625,0.5053481395782169,0.0004939985094339126
1,nuts,U1,52171.68675,False,x2,499378.0625,0.5053481395782169,0.0004939985094339126
2,nuts,U1,107412.29625,True,x,499378.0625,0.5053481395782169,0.0004939985094339126
3,nuts,U1,83883.8885,False,x,499378.0625,0.5053481395782169,0.0004939985094339126
