,Sampler,Model,num_grads_to_low_error,max,statistic,num_tuning_grads,L,step_size
0,unadjusted_microcanonical,U1,254.0,True,x2,22220.0,23.016102469063227,0.07444012176147732
1,unadjusted_microcanonical,U1,192.0,False,x2,22220.0,23.016102469063227,0.07444012176147732
2,unadjusted_microcanonical,U1,646.0,True,x,22220.0,23.016102469063227,0.07444012176147732
3,unadjusted_microcanonical,U1,274.0,False,x,22220.0,23.016102469063227,0.07444012176147732
