,Sampler,Model,num_grads_to_low_error,ess_corr,max,statistic,num_tuning_grads,L,step_size
0,adjusted_microcanonical,banana,61988.02348592383,,True,identity,140510.5,2.8284271247461903,0.18597395889783142
1,adjusted_microcanonical,banana,15169.87221783654,,False,identity,140510.5,2.8284271247461903,0.18597395889783142
2,adjusted_microcanonical,banana,63920.39437024203,,True,square,140510.5,2.8284271247461903,0.18597395889783142
3,adjusted_microcanonical,banana,61455.48032882827,,False,square,140510.5,2.8284271247461903,0.18597395889783142
