,Sampler,Model,num_grads_to_low_error,max,statistic,num_tuning_grads,L,step_size
0,adjusted_microcanonical,Banana,22371.90568143231,True,x2,152966.5390625,2.8284271247461903,0.17573945237505217
1,adjusted_microcanonical,Banana,12567.938293420912,False,x2,152966.5390625,2.8284271247461903,0.17573945237505217
2,adjusted_microcanonical,Banana,inf,True,x,152966.5390625,2.8284271247461903,0.17573945237505217
3,adjusted_microcanonical,Banana,inf,False,x,152966.5390625,2.8284271247461903,0.17573945237505217
