,Sampler,Model,num_grads_to_low_error,max,statistic,num_tuning_grads,L,step_size
0,adjusted_microcanonical_langevin,Banana,14267.305220838638,True,x2,153705.43896484375,2.8284271247461903,0.17627878151876356
1,adjusted_microcanonical_langevin,Banana,9360.388669290276,False,x2,153705.43896484375,2.8284271247461903,0.17627878151876356
2,adjusted_microcanonical_langevin,Banana,21279.499500774087,True,x,153705.43896484375,2.8284271247461903,0.17627878151876356
3,adjusted_microcanonical_langevin,Banana,11141.777516387041,False,x,153705.43896484375,2.8284271247461903,0.17627878151876356
