,Sampler,Model,num_grads_to_low_error,max,statistic,num_tuning_grads,L,step_size
0,adjusted_microcanonical_langevin,Banana,20060.708731917446,True,x2,155426.2890625,2.8284271247461903,0.1751055765009184
1,adjusted_microcanonical_langevin,Banana,9704.163980073887,False,x2,155426.2890625,2.8284271247461903,0.1751055765009184
2,adjusted_microcanonical_langevin,Banana,inf,True,x,155426.2890625,2.8284271247461903,0.1751055765009184
3,adjusted_microcanonical_langevin,Banana,inf,False,x,155426.2890625,2.8284271247461903,0.1751055765009184
