,Sampler,Model,num_grads_to_low_error,max,statistic,num_tuning_grads,L,step_size
0,adjusted_microcanonical,Banana,13049.936146907685,True,x2,153044.3154296875,2.8284271247461903,0.17671971711454848
1,adjusted_microcanonical,Banana,9367.528422285219,False,x2,153044.3154296875,2.8284271247461903,0.17671971711454848
2,adjusted_microcanonical,Banana,20124.035196840316,True,x,153044.3154296875,2.8284271247461903,0.17671971711454848
3,adjusted_microcanonical,Banana,10578.846752753136,False,x,153044.3154296875,2.8284271247461903,0.17671971711454848
