,Sampler,Model,num_grads_to_low_error,max,statistic,num_tuning_grads,L,step_size
0,adjusted_microcanonical,Banana,14068.4951171875,True,x2,153278.84375,2.8284270763397217,0.17681026458740234
1,adjusted_microcanonical,Banana,9093.642578125,False,x2,153278.84375,2.8284270763397217,0.17681026458740234
2,adjusted_microcanonical,Banana,20222.453125,True,x,153278.84375,2.8284270763397217,0.17681026458740234
3,adjusted_microcanonical,Banana,10838.0712890625,False,x,153278.84375,2.8284270763397217,0.17681026458740234
