,Sampler,Model,num_grads_to_low_error,ess_corr,max,statistic,num_tuning_grads,L,step_size
0,adjusted_microcanonical,banana,20409.740029818855,,True,identity,152961.8408203125,2.8284271247461885,0.17688655410464027
1,adjusted_microcanonical,banana,10648.560015557663,,False,identity,152961.8408203125,2.8284271247461885,0.17688655410464027
2,adjusted_microcanonical,banana,14133.543293376535,,True,square,152961.8408203125,2.8284271247461885,0.17688655410464027
3,adjusted_microcanonical,banana,9309.422922692078,,False,square,152961.8408203125,2.8284271247461885,0.17688655410464027
4,adjusted_microcanonical,banana,581846.9997591758,,True,covariance,152961.8408203125,2.8284271247461885,0.17688655410464027
5,adjusted_microcanonical,banana,581846.9997591758,,False,covariance,152961.8408203125,2.8284271247461885,0.17688655410464027
