,Sampler,Model,num_grads_to_low_error,ess_corr,max,statistic,num_tuning_grads,L,step_size
0,grid_search_malt,banana,15428.69449120165,,True,identity,0.0,2.934156378600823,0.1702068804554576
1,grid_search_malt,banana,7567.817744846396,,False,identity,0.0,2.934156378600823,0.1702068804554576
2,grid_search_malt,banana,11808.55388432752,,True,square,0.0,2.934156378600823,0.1702068804554576
3,grid_search_malt,banana,7291.997508132176,,False,square,0.0,2.934156378600823,0.1702068804554576
4,grid_search_malt,banana,inf,,True,covariance,0.0,2.934156378600823,0.1702068804554576
5,grid_search_malt,banana,inf,,False,covariance,0.0,2.934156378600823,0.1702068804554576
