,Sampler,Model,num_grads_to_low_error,ess_corr,max,statistic,num_tuning_grads,L,step_size
0,nuts,banana,96337.4225,,True,identity,42702.0,1.7855221383326598,0.16770436075656486
1,nuts,banana,91309.41875,,False,identity,42702.0,1.7855221383326598,0.16770436075656486
2,nuts,banana,96141.52625,,True,square,42702.0,1.7855221383326598,0.16770436075656486
3,nuts,banana,94737.603125,,False,square,42702.0,1.7855221383326598,0.16770436075656486
