,Sampler,Model,num_grads_to_low_error,max,statistic,num_tuning_grads,L,step_size
0,nuts,Banana,127936.9576375,True,x2,39687.46875,1.8306823452536651,0.2113126307736623
1,nuts,Banana,63487.6492375,False,x2,39687.46875,1.8306823452536651,0.2113126307736623
2,nuts,Banana,inf,True,x,39687.46875,1.8306823452536651,0.2113126307736623
3,nuts,Banana,inf,False,x,39687.46875,1.8306823452536651,0.2113126307736623
