,Sampler,Model,num_grads_to_low_error,max,statistic,num_tuning_grads,L,step_size
0,nuts,Banana,98498.0078125,True,x2,39525.15625,1.8343243598937988,0.21345174312591553
1,nuts,Banana,55767.51953125,False,x2,39525.15625,1.8343243598937988,0.21345174312591553
2,nuts,Banana,75314.0625,True,x,39525.15625,1.8343243598937988,0.21345174312591553
3,nuts,Banana,27460.595703125,False,x,39525.15625,1.8343243598937988,0.21345174312591553
