,Sampler,Model,num_grads_to_low_error,ess_corr,max,statistic,num_tuning_grads,L,step_size
0,nuts,banana,78916.58571369384,,True,identity,39495.06298828125,1.835809882677995,0.21310756560102018
1,nuts,banana,29231.043202163084,,False,identity,39495.06298828125,1.835809882677995,0.21310756560102018
2,nuts,banana,91588.79430040771,,True,square,39495.06298828125,1.835809882677995,0.21310756560102018
3,nuts,banana,54123.52711643554,,False,square,39495.06298828125,1.835809882677995,0.21310756560102018
4,nuts,banana,inf,,True,covariance,39495.06298828125,1.835809882677995,0.21310756560102018
5,nuts,banana,inf,,False,covariance,39495.06298828125,1.835809882677995,0.21310756560102018
