,Sampler,Model,num_grads_to_low_error,ess_corr,max,statistic,num_tuning_grads,L,step_size
0,nuts,banana,132420.9760011042,,True,identity,39402.59375,1.8384790613046913,0.21361721805672035
1,nuts,banana,38461.43543185938,,False,identity,39402.59375,1.8384790613046913,0.21361721805672035
2,nuts,banana,133660.500031724,,True,square,39402.59375,1.8384790613046913,0.21361721805672035
3,nuts,banana,114778.11571126044,,False,square,39402.59375,1.8384790613046913,0.21361721805672035
4,nuts,banana,9158083.06211408,,True,covariance,39402.59375,1.8384790613046913,0.21361721805672035
5,nuts,banana,9158083.06211408,,False,covariance,39402.59375,1.8384790613046913,0.21361721805672035
