,Sampler,Model,num_grads_to_low_error,ess_corr,max,statistic,num_tuning_grads,L,step_size
0,grid_search_hmc_omelyan,Gaussian_563,6913.500054575525,,True,identity,0.0,1.5185185185185184,1.3804713695738684
1,grid_search_hmc_omelyan,Gaussian_563,561.0000044285629,,False,identity,0.0,1.5185185185185184,1.3804713695738684
2,grid_search_hmc_omelyan,Gaussian_563,7568.000059742181,,True,square,0.0,1.5185185185185184,1.3804713695738684
3,grid_search_hmc_omelyan,Gaussian_563,726.0000057310814,,False,square,0.0,1.5185185185185184,1.3804713695738684
