,Sampler,Model,num_grads_to_low_error,ess_corr,max,statistic,num_tuning_grads,L,step_size
0,grid_search_hmc_mclachlan,Gaussian_100,2582.800020388757,,True,identity,0.0,1.4444444444444446,1.3131313027653868
1,grid_search_hmc_mclachlan,Gaussian_100,299.20000236190026,,False,identity,0.0,1.4444444444444446,1.3131313027653868
2,grid_search_hmc_mclachlan,Gaussian_100,2431.0000191904396,,True,square,0.0,1.4444444444444446,1.3131313027653868
3,grid_search_hmc_mclachlan,Gaussian_100,334.4000026397709,,False,square,0.0,1.4444444444444446,1.3131313027653868
