,Sampler,Model,num_grads_to_low_error,ess_corr,max,statistic,num_tuning_grads,L,step_size
0,grid_search_hmc_mclachlan,Gaussian_9,750.2000059221181,,True,identity,0.0,1.5925925925925923,1.4478114363823482
1,grid_search_hmc_mclachlan,Gaussian_9,191.4000015109216,,False,identity,0.0,1.5925925925925923,1.4478114363823482
2,grid_search_hmc_mclachlan,Gaussian_9,1069.2000084403207,,True,square,0.0,1.5925925925925923,1.4478114363823482
3,grid_search_hmc_mclachlan,Gaussian_9,305.8000024140012,,False,square,0.0,1.5925925925925923,1.4478114363823482
