,Sampler,Model,num_grads_to_low_error,ess_corr,max,statistic,num_tuning_grads,L,step_size
0,grid_search_hmc_mclachlan,Gaussian_17783,11003.466383359113,,True,identity,0.0,1.1666666666666665,0.8779051676487256
1,grid_search_hmc_mclachlan,Gaussian_17783,592.6987931133049,,False,identity,0.0,1.1666666666666665,0.8779051676487256
2,grid_search_hmc_mclachlan,Gaussian_17783,10147.64122020896,,True,square,0.0,1.1666666666666665,0.8779051676487256
3,grid_search_hmc_mclachlan,Gaussian_17783,499.6743188578534,,False,square,0.0,1.1666666666666665,0.8779051676487256
