,Sampler,Model,num_grads_to_low_error,ess_corr,max,statistic,num_tuning_grads,L,step_size
0,grid_search_hmc_mclachlan,Gaussian_8,1152.800009100263,,True,identity,0.0,1.3333333333333333,1.2121212025526646
1,grid_search_hmc_mclachlan,Gaussian_8,301.4000023792672,,False,identity,0.0,1.3333333333333333,1.2121212025526646
2,grid_search_hmc_mclachlan,Gaussian_8,992.2000078324781,,True,square,0.0,1.3333333333333333,1.2121212025526646
3,grid_search_hmc_mclachlan,Gaussian_8,294.80000232716645,,False,square,0.0,1.3333333333333333,1.2121212025526646
