,Sampler,Model,num_grads_to_low_error,ess_corr,max,statistic,num_tuning_grads,L,step_size
0,grid_search_hmc_omelyan,Gaussian_2,423.5000033431311,,True,identity,0.0,1.8518518518518532,1.6835016702120322
1,grid_search_hmc_omelyan,Gaussian_2,275.0000021708643,,False,identity,0.0,1.8518518518518532,1.6835016702120322
2,grid_search_hmc_omelyan,Gaussian_2,709.5000056008299,,True,square,0.0,1.8518518518518532,1.6835016702120322
3,grid_search_hmc_omelyan,Gaussian_2,478.50000377730396,,False,square,0.0,1.8518518518518532,1.6835016702120322
