,Sampler,Model,num_grads_to_low_error,ess_corr,max,statistic,num_tuning_grads,L,step_size
0,grid_search_hmc_omelyan,Gaussian_17783,11753.500092782735,,True,identity,0.0,1.537037037037037,1.3973063862759885
1,grid_search_hmc_omelyan,Gaussian_17783,533.5000042114765,,False,identity,0.0,1.537037037037037,1.3973063862759885
2,grid_search_hmc_omelyan,Gaussian_17783,14822.50011700958,,True,square,0.0,1.537037037037037,1.3973063862759885
3,grid_search_hmc_omelyan,Gaussian_17783,715.0000056442469,,False,square,0.0,1.537037037037037,1.3973063862759885
