,Sampler,Model,num_grads_to_low_error,ess_corr,max,statistic,num_tuning_grads,L,step_size
0,grid_search_hmc_mclachlan,Gaussian_6,701.800005540046,,True,identity,0.0,1.5925925925925923,1.4478114363823482
1,grid_search_hmc_mclachlan,Gaussian_6,189.2000014935547,,False,identity,0.0,1.5925925925925923,1.4478114363823482
2,grid_search_hmc_mclachlan,Gaussian_6,809.6000063910247,,True,square,0.0,1.5925925925925923,1.4478114363823482
3,grid_search_hmc_mclachlan,Gaussian_6,281.60000222296514,,False,square,0.0,1.5925925925925923,1.4478114363823482
