,Sampler,Model,num_grads_to_low_error,ess_corr,max,statistic,num_tuning_grads,L,step_size
0,grid_search_hmc_velocity_verlet,Gaussian_17783,66332.88674935362,,True,identity,0.0,0.8888888888888888,0.10362548827026223
1,grid_search_hmc_velocity_verlet,Gaussian_17783,3516.938260343332,,False,identity,0.0,0.8888888888888888,0.10362548827026223
2,grid_search_hmc_velocity_verlet,Gaussian_17783,54160.84920928731,,True,square,0.0,0.8888888888888888,0.10362548827026223
3,grid_search_hmc_velocity_verlet,Gaussian_17783,2496.1683750241696,,False,square,0.0,0.8888888888888888,0.10362548827026223
