,Sampler,Model,num_grads_to_low_error,max,statistic,num_tuning_grads,L,step_size
0,adjusted_microcanonical,Phi4_L4_lam1,1120.2084565416624,True,x2,55780.828125,4.528842918826347,2.697599677562404
1,adjusted_microcanonical,Phi4_L4_lam1,297.26671185588344,False,x2,55780.828125,4.528842918826347,2.697599677562404
2,adjusted_microcanonical,Phi4_L4_lam1,1288.155751375495,True,x,55780.828125,4.528842918826347,2.697599677562404
3,adjusted_microcanonical,Phi4_L4_lam1,359.4072109444014,False,x,55780.828125,4.528842918826347,2.697599677562404
