,Sampler,Model,num_grads_to_low_error,max,statistic,num_tuning_grads,L,step_size
0,adjusted_microcanonical_mclachlan,Rosenbrock_8,55925.65511899282,True,x2,420384.23255813954,5.65685424949238,0.2789328081440277
1,adjusted_microcanonical_mclachlan,Rosenbrock_8,14805.04615513701,False,x2,420384.23255813954,5.65685424949238,0.2789328081440277
2,adjusted_microcanonical_mclachlan,Rosenbrock_8,49255.24970843659,True,x,420384.23255813954,5.65685424949238,0.2789328081440277
3,adjusted_microcanonical_mclachlan,Rosenbrock_8,11876.57548708793,False,x,420384.23255813954,5.65685424949238,0.2789328081440277
