,Sampler,Model,num_grads_to_low_error,max,statistic,num_tuning_grads,L,step_size
0,adjusted_microcanonical_omelyan,Rosenbrock_2,34903.505176018814,True,x2,547008.1746031746,2.8284271247461903,0.21335587907129924
1,adjusted_microcanonical_omelyan,Rosenbrock_2,28019.184628480587,False,x2,547008.1746031746,2.8284271247461903,0.21335587907129924
2,adjusted_microcanonical_omelyan,Rosenbrock_2,30979.442463922023,True,x,547008.1746031746,2.8284271247461903,0.21335587907129924
3,adjusted_microcanonical_omelyan,Rosenbrock_2,22580.571395925388,False,x,547008.1746031746,2.8284271247461903,0.21335587907129924
