,Sampler,Model,num_grads_to_low_error,max,statistic,num_tuning_grads,L,step_size
0,adjusted_microcanonical_velocity_verlet,Gaussian_563,8501.284439292402,True,x2,56409.0,24.58760706560113,8.699061190213445
1,adjusted_microcanonical_velocity_verlet,Gaussian_563,720.9270143064723,False,x2,56409.0,24.58760706560113,8.699061190213445
2,adjusted_microcanonical_velocity_verlet,Gaussian_563,9264.618925028666,True,x,56409.0,24.58760706560113,8.699061190213445
3,adjusted_microcanonical_velocity_verlet,Gaussian_563,910.3470533595454,False,x,56409.0,24.58760706560113,8.699061190213445
