,Sampler,Model,num_grads_to_low_error,max,statistic,num_tuning_grads,L,step_size
0,adjusted_microcanonical_mclachlan,Rosenbrock_4,27674.07819555258,True,x2,337684.6141732283,3.9994419944400454,0.2130301686819581
1,adjusted_microcanonical_mclachlan,Rosenbrock_4,13514.364660653937,False,x2,337684.6141732283,3.9994419944400454,0.2130301686819581
2,adjusted_microcanonical_mclachlan,Rosenbrock_4,25548.223080393538,True,x,337684.6141732283,3.9994419944400454,0.2130301686819581
3,adjusted_microcanonical_mclachlan,Rosenbrock_4,10287.620289430384,False,x,337684.6141732283,3.9994419944400454,0.2130301686819581
