,Sampler,Model,num_grads_to_low_error,max,statistic,num_tuning_grads,L,step_size
0,adjusted_microcanonical_omelyan,Rosenbrock_200,368310.235892233,True,x2,1735528.8888888888,28.284271247461902,1.60108715492509
1,adjusted_microcanonical_omelyan,Rosenbrock_200,34277.85356828649,False,x2,1735528.8888888888,28.284271247461902,1.60108715492509
2,adjusted_microcanonical_omelyan,Rosenbrock_200,226516.5374976458,True,x,1735528.8888888888,28.284271247461902,1.60108715492509
3,adjusted_microcanonical_omelyan,Rosenbrock_200,24824.94034198068,False,x,1735528.8888888888,28.284271247461902,1.60108715492509
