,Sampler,Model,num_grads_to_low_error,max,statistic,num_tuning_grads,L,step_size
0,adjusted_microcanonical_mclachlan,Gaussian_7,1214.4000000047665,True,x2,41962.739726027394,2.7937007560147857,2.5397279600031446
1,adjusted_microcanonical_mclachlan,Gaussian_7,398.20000000156296,False,x2,41962.739726027394,2.7937007560147857,2.5397279600031446
2,adjusted_microcanonical_mclachlan,Gaussian_7,1951.4000000076594,True,x,41962.739726027394,2.7937007560147857,2.5397279600031446
3,adjusted_microcanonical_mclachlan,Gaussian_7,618.2000000024265,False,x,41962.739726027394,2.7937007560147857,2.5397279600031446
