,Sampler,Model,num_grads_to_low_error,max,statistic,num_tuning_grads,L,step_size
0,adjusted_microcanonical_mclachlan,Gaussian_5,959.2000000054354,True,x2,40934.58823529412,2.41939833170999,2.19945302881431
1,adjusted_microcanonical_mclachlan,Gaussian_5,382.8000000021692,False,x2,40934.58823529412,2.41939833170999,2.19945302881431
2,adjusted_microcanonical_mclachlan,Gaussian_5,1551.000000008789,True,x,40934.58823529412,2.41939833170999,2.19945302881431
3,adjusted_microcanonical_mclachlan,Gaussian_5,649.0000000036777,False,x,40934.58823529412,2.41939833170999,2.19945302881431
