,Sampler,Model,num_grads_to_low_error,max,statistic,num_tuning_grads,L,step_size
0,adjusted_microcanonical_velocity_verlet,Gaussian_3,356.4000004181547,True,x2,19713.222551928786,1.7967068436794418,1.6333698556708192
1,adjusted_microcanonical_velocity_verlet,Gaussian_3,167.20000019617135,False,x2,19713.222551928786,1.7967068436794418,1.6333698556708192
2,adjusted_microcanonical_velocity_verlet,Gaussian_3,561.0000006582065,True,x,19713.222551928786,1.7967068436794418,1.6333698556708192
3,adjusted_microcanonical_velocity_verlet,Gaussian_3,290.4000003407187,False,x,19713.222551928786,1.7967068436794418,1.6333698556708192
