,Sampler,Model,num_grads_to_low_error,max,statistic,num_tuning_grads,L,step_size
0,adjusted_microcanonical_omelyan,Gaussian_4,2079.0000000082305,True,x2,100534.19291338582,2.114756221868297,1.9225056562357876
1,adjusted_microcanonical_omelyan,Gaussian_4,880.0000000034838,False,x2,100534.19291338582,2.114756221868297,1.9225056562357876
2,adjusted_microcanonical_omelyan,Gaussian_4,3267.0000000129335,True,x,100534.19291338582,2.114756221868297,1.9225056562357876
3,adjusted_microcanonical_omelyan,Gaussian_4,1600.5000000063362,False,x,100534.19291338582,2.114756221868297,1.9225056562357876
