,Sampler,Model,num_grads_to_low_error,max,statistic,num_tuning_grads,L,step_size
0,adjusted_microcanonical_mclachlan,Gaussian_6,1133.000000005655,True,x2,41482.364705882355,2.625219906285995,2.3865635511567493
1,adjusted_microcanonical_mclachlan,Gaussian_6,358.60000000178985,False,x2,41482.364705882355,2.625219906285995,2.3865635511567493
2,adjusted_microcanonical_mclachlan,Gaussian_6,1709.400000008532,True,x,41482.364705882355,2.625219906285995,2.3865635511567493
3,adjusted_microcanonical_mclachlan,Gaussian_6,583.0000000029099,False,x,41482.364705882355,2.625219906285995,2.3865635511567493
