,Sampler,Model,num_grads_to_low_error,max,statistic,num_tuning_grads,L,step_size
0,adjusted_microcanonical_omelyan,Gaussian_7,3036.0000000043865,True,x2,104906.74657534246,2.7009057534694394,2.455368866786519
1,adjusted_microcanonical_omelyan,Gaussian_7,979.0000000014145,False,x2,104906.74657534246,2.7009057534694394,2.455368866786519
2,adjusted_microcanonical_omelyan,Gaussian_7,5208.500000007525,True,x,104906.74657534246,2.7009057534694394,2.455368866786519
3,adjusted_microcanonical_omelyan,Gaussian_7,1617.0000000023363,False,x,104906.74657534246,2.7009057534694394,2.455368866786519
