,Sampler,Model,num_grads_to_low_error,max,statistic,num_tuning_grads,L,step_size
0,adjusted_microcanonical_mclachlan,Rosenbrock_20,96598.3436047132,True,x2,552895.3333333333,8.94427190999916,0.4014825320883476
1,adjusted_microcanonical_mclachlan,Rosenbrock_20,16634.89481281534,False,x2,552895.3333333333,8.94427190999916,0.4014825320883476
2,adjusted_microcanonical_mclachlan,Rosenbrock_20,77822.76527711198,True,x,552895.3333333333,8.94427190999916,0.4014825320883476
3,adjusted_microcanonical_mclachlan,Rosenbrock_20,11104.795732951796,False,x,552895.3333333333,8.94427190999916,0.4014825320883476
