,Sampler,Model,num_grads_to_low_error,max,statistic,num_tuning_grads,L,step_size
0,adjusted_microcanonical_velocity_verlet,Gaussian_7,590.7002762989583,True,x2,20982.136986301368,2.698601161418623,2.4532725591737408
1,adjusted_microcanonical_velocity_verlet,Gaussian_7,195.8000915851296,False,x2,20982.136986301368,2.698601161418623,2.4532725591737408
2,adjusted_microcanonical_velocity_verlet,Gaussian_7,975.7004563820783,True,x,20982.136986301368,2.698601161418623,2.4532725591737408
3,adjusted_microcanonical_velocity_verlet,Gaussian_7,301.40014097935676,False,x,20982.136986301368,2.698601161418623,2.4532725591737408
