,Sampler,Model,num_grads_to_low_error,ess_corr,max,statistic,num_tuning_grads,L,step_size
0,grid_search_hmc_velocity_verlet,Gaussian_5,736.7272118862385,,True,x2,0.0,1.0555555555555554,0.6934573348809294
1,grid_search_hmc_velocity_verlet,Gaussian_5,235.93536744290697,,False,x2,0.0,1.0555555555555554,0.6934573348809294
2,grid_search_hmc_velocity_verlet,Gaussian_5,992.4507069211312,,True,x,0.0,1.0555555555555554,0.6934573348809294
3,grid_search_hmc_velocity_verlet,Gaussian_5,379.0187515695731,,False,x,0.0,1.0555555555555554,0.6934573348809294
