,Sampler,Model,num_grads_to_low_error,grads_to_low_error_std,ess_corr,max,statistic,num_tuning_grads,L,step_size,batch_size
0,adjusted_microcanonical_nolangevin_alba_mclachlan_precond:False,ICG_100_1000,1962.0106690751302,71.771635065672,,True,identity,10014.59375,6.66627449263995,12.579566346986994,64
1,adjusted_microcanonical_nolangevin_alba_mclachlan_precond:False,ICG_100_1000,250.15371037370647,7.874007874011811,,False,identity,10014.59375,6.66627449263995,12.579566346986994,64
2,adjusted_microcanonical_nolangevin_alba_mclachlan_precond:False,ICG_100_1000,1303.7672193205888,48.90210220430201,,True,square,10014.59375,6.66627449263995,12.579566346986994,64
3,adjusted_microcanonical_nolangevin_alba_mclachlan_precond:False,ICG_100_1000,175.95557594082743,4.857766976708537,,False,square,10014.59375,6.66627449263995,12.579566346986994,64
