,Sampler,Model,num_grads_to_low_error,grads_to_low_error_std,ess_corr,max,statistic,num_tuning_grads,L,step_size,batch_size
0,adjusted_canonical_nolangevin_alba_mclachlan_precond:True,ICG_100_1000,6023.599999986769,150.44751210970554,,True,identity,131220.65625,0.9706278943898655,0.8823889949017973,64
1,adjusted_canonical_nolangevin_alba_mclachlan_precond:True,ICG_100_1000,725.9999999984053,4.8235256814906675,,False,identity,131220.65625,0.9706278943898655,0.8823889949017973,64
2,adjusted_canonical_nolangevin_alba_mclachlan_precond:True,ICG_100_1000,3269.199999992819,67.11509815235317,,True,square,131220.65625,0.9706278943898655,0.8823889949017973,64
3,adjusted_canonical_nolangevin_alba_mclachlan_precond:True,ICG_100_1000,466.39999999897555,8.855614038563335,,False,square,131220.65625,0.9706278943898655,0.8823889949017973,64
