,Sampler,Model,num_grads_to_low_error,ess_corr,max,statistic,num_tuning_grads,L,step_size
0,adjusted_malt,Rosenbrock_14,50394.60420408833,,True,identity,668498.6000000001,2.0,0.04866292665087463
1,adjusted_malt,Rosenbrock_14,12423.812628273205,,False,identity,668498.6000000001,2.0,0.04866292665087463
2,adjusted_malt,Rosenbrock_14,73144.16838764821,,True,square,668498.6000000001,2.0,0.04866292665087463
3,adjusted_malt,Rosenbrock_14,13740.243105441226,,False,square,668498.6000000001,2.0,0.04866292665087463
