,Sampler,Model,num_grads_to_low_error,max,statistic,num_tuning_grads,L,step_size
0,adjusted_microcanonical_omelyan,Rosenbrock_18,135143.41093315475,True,x2,2494780.5084745763,8.48528137423857,0.5777821199478791
1,adjusted_microcanonical_omelyan,Rosenbrock_18,31232.164027509938,False,x2,2494780.5084745763,8.48528137423857,0.5777821199478791
2,adjusted_microcanonical_omelyan,Rosenbrock_18,98987.58810601385,True,x,2494780.5084745763,8.48528137423857,0.5777821199478791
3,adjusted_microcanonical_omelyan,Rosenbrock_18,24103.88188476061,False,x,2494780.5084745763,8.48528137423857,0.5777821199478791
