,Sampler,Model,num_grads_to_low_error,ess_corr,max,statistic,num_tuning_grads,L,step_size
0,adjusted_malt,Rosenbrock_8,58281.11069406922,,True,identity,705570.3100775194,2.0,0.04698242859344317
1,adjusted_malt,Rosenbrock_8,18702.783329456423,,False,identity,705570.3100775194,2.0,0.04698242859344317
2,adjusted_malt,Rosenbrock_8,69783.9614889513,,True,square,705570.3100775194,2.0,0.04698242859344317
3,adjusted_malt,Rosenbrock_8,83715.19189608627,,False,square,705570.3100775194,2.0,0.04698242859344317
