,Sampler,Model,num_grads_to_low_error,max,statistic,num_tuning_grads,L,step_size
0,adjusted_microcanonical_velocity_verlet,Rosenbrock_14,64146.25347595183,True,x2,624279.3066666668,7.4833147735478835,0.20957090435381567
1,adjusted_microcanonical_velocity_verlet,Rosenbrock_14,12900.72284391009,False,x2,624279.3066666668,7.4833147735478835,0.20957090435381567
2,adjusted_microcanonical_velocity_verlet,Rosenbrock_14,46242.4802216611,True,x,624279.3066666668,7.4833147735478835,0.20957090435381567
3,adjusted_microcanonical_velocity_verlet,Rosenbrock_14,10184.781192560598,False,x,624279.3066666668,7.4833147735478835,0.20957090435381567
