,Sampler,Model,num_grads_to_low_error,max,statistic,num_tuning_grads,L,step_size
0,adjusted_microcanonical_mclachlan,Rosenbrock_6326,789875.5923347177,True,x2,4930204.5,159.0723106011854,3.0620249959988723
1,adjusted_microcanonical_mclachlan,Rosenbrock_6326,42299.91658950396,False,x2,4930204.5,159.0723106011854,3.0620249959988723
2,adjusted_microcanonical_mclachlan,Rosenbrock_6326,628574.6819000491,True,x,4930204.5,159.0723106011854,3.0620249959988723
3,adjusted_microcanonical_mclachlan,Rosenbrock_6326,32634.333683302815,False,x,4930204.5,159.0723106011854,3.0620249959988723
