,Sampler,Model,num_grads_to_low_error,ess_corr,max,statistic,num_tuning_grads,L,step_size
0,adjusted_malt,Rosenbrock_10,47101.10675495951,,True,identity,567462.1346153846,2.0,0.05414812977460025
1,adjusted_malt,Rosenbrock_10,13753.227404116906,,False,identity,567462.1346153846,2.0,0.05414812977460025
2,adjusted_malt,Rosenbrock_10,55641.417320419205,,True,square,567462.1346153846,2.0,0.05414812977460025
3,adjusted_malt,Rosenbrock_10,16415.142385558887,,False,square,567462.1346153846,2.0,0.05414812977460025
