,Sampler,Model,num_grads_to_low_error,max,statistic,num_tuning_grads,L,step_size
0,adjusted_microcanonical_omelyan,Rosenbrock_10,101824.68834432369,True,x2,1897067.403846154,6.32455532033676,0.4525849110038298
1,adjusted_microcanonical_omelyan,Rosenbrock_10,24966.63031519475,False,x2,1897067.403846154,6.32455532033676,0.4525849110038298
2,adjusted_microcanonical_omelyan,Rosenbrock_10,77347.59980001512,True,x,1897067.403846154,6.32455532033676,0.4525849110038298
3,adjusted_microcanonical_omelyan,Rosenbrock_10,19441.801758050813,False,x,1897067.403846154,6.32455532033676,0.4525849110038298
