,Sampler,Model,num_grads_to_low_error,ess_corr,max,statistic,num_tuning_grads,L,step_size
0,adjusted_microcanonical_velocity_verlet,Rosenbrock_12,74407.96778752824,,True,identity,847952.7701149426,9.797958971132712,0.2411923683966676
1,adjusted_microcanonical_velocity_verlet,Rosenbrock_12,15206.87429100304,,False,identity,847952.7701149426,9.797958971132712,0.2411923683966676
2,adjusted_microcanonical_velocity_verlet,Rosenbrock_12,85223.5521763165,,True,square,847952.7701149426,9.797958971132712,0.2411923683966676
3,adjusted_microcanonical_velocity_verlet,Rosenbrock_12,75831.07099657934,,False,square,847952.7701149426,9.797958971132712,0.2411923683966676
