,Sampler,Model,num_grads_to_low_error,ess_corr,max,statistic,num_tuning_grads,L,step_size
0,adjusted_malt,Rosenbrock_18,inf,,True,covariance,941372.1186440678,2.0,0.037734352691256044
1,adjusted_malt,Rosenbrock_18,inf,,False,covariance,941372.1186440678,2.0,0.037734352691256044
2,adjusted_malt,Rosenbrock_18,110110.4810749689,,True,identity,941372.1186440678,2.0,0.037734352691256044
3,adjusted_malt,Rosenbrock_18,22170.60746114499,,False,identity,941372.1186440678,2.0,0.037734352691256044
4,adjusted_malt,Rosenbrock_18,139070.17407445493,,True,square,941372.1186440678,2.0,0.037734352691256044
5,adjusted_malt,Rosenbrock_18,91917.85342144562,,False,square,941372.1186440678,2.0,0.037734352691256044
