,Sampler,Model,num_grads_to_low_error,max,statistic,num_tuning_grads,L,step_size
0,adjusted_microcanonical_mclachlan,Rosenbrock_2000,546684.796711352,True,x2,3464214.0,89.44271909999159,2.2626996209721346
1,adjusted_microcanonical_mclachlan,Rosenbrock_2000,33050.946633691805,False,x2,3464214.0,89.44271909999159,2.2626996209721346
2,adjusted_microcanonical_mclachlan,Rosenbrock_2000,387676.5343181601,True,x,3464214.0,89.44271909999159,2.2626996209721346
3,adjusted_microcanonical_mclachlan,Rosenbrock_2000,25381.22935266763,False,x,3464214.0,89.44271909999159,2.2626996209721346
