,Sampler,Model,num_grads_to_low_error,max,statistic,num_tuning_grads,L,step_size
0,adjusted_microcanonical_mclachlan,Rosenbrock_1000,475250.24946921394,True,x2,3164867.6,63.245553203367585,1.7959315497049588
1,adjusted_microcanonical_mclachlan,Rosenbrock_1000,30288.662705167037,False,x2,3164867.6,63.245553203367585,1.7959315497049588
2,adjusted_microcanonical_mclachlan,Rosenbrock_1000,301125.6582897421,True,x,3164867.6,63.245553203367585,1.7959315497049588
3,adjusted_microcanonical_mclachlan,Rosenbrock_1000,22047.328899342516,False,x,3164867.6,63.245553203367585,1.7959315497049588
