,Sampler,Model,num_grads_to_low_error,ess_corr,max,statistic,num_tuning_grads,L,step_size
0,adjusted_malt,Rosenbrock_4,35132.390970644556,,True,identity,503574.0551181102,2.0,0.05848057904034585
1,adjusted_malt,Rosenbrock_4,14826.827768312955,,False,identity,503574.0551181102,2.0,0.05848057904034585
2,adjusted_malt,Rosenbrock_4,43624.43089337345,,True,square,503574.0551181102,2.0,0.05848057904034585
3,adjusted_malt,Rosenbrock_4,63484.84684169103,,False,square,503574.0551181102,2.0,0.05848057904034585
