,Sampler,Model,num_grads_to_low_error,max,statistic,num_tuning_grads,L,step_size
0,adjusted_microcanonical_mclachlan,Rosenbrock_6,41867.1854359028,True,x2,654228.3529411765,4.898979485566356,0.2498277080730972
1,adjusted_microcanonical_mclachlan,Rosenbrock_6,15356.537997596617,False,x2,654228.3529411765,4.898979485566356,0.2498277080730972
2,adjusted_microcanonical_mclachlan,Rosenbrock_6,33855.078654548044,True,x,654228.3529411765,4.898979485566356,0.2498277080730972
3,adjusted_microcanonical_mclachlan,Rosenbrock_6,12764.385803628902,False,x,654228.3529411765,4.898979485566356,0.2498277080730972
