,Sampler,Model,num_grads_to_low_error,max,statistic,num_tuning_grads,L,step_size
0,adjusted_microcanonical_mclachlan,Rosenbrock_14,75414.0858442588,True,x2,1013723.1466666667,7.4833147735478835,0.346125223616742
1,adjusted_microcanonical_mclachlan,Rosenbrock_14,15273.191223765552,False,x2,1013723.1466666667,7.4833147735478835,0.346125223616742
2,adjusted_microcanonical_mclachlan,Rosenbrock_14,59967.82729784435,True,x,1013723.1466666667,7.4833147735478835,0.346125223616742
3,adjusted_microcanonical_mclachlan,Rosenbrock_14,11898.378432111975,False,x,1013723.1466666667,7.4833147735478835,0.346125223616742
