,Sampler,Model,num_grads_to_low_error,max,statistic,num_tuning_grads,L,step_size
0,adjusted_microcanonical_mclachlan,Rosenbrock_634,325941.6584060028,True,x2,2902154.0,50.35871324805669,1.5683292478575426
1,adjusted_microcanonical_mclachlan,Rosenbrock_634,24277.033867481587,False,x2,2902154.0,50.35871324805669,1.5683292478575426
2,adjusted_microcanonical_mclachlan,Rosenbrock_634,266405.12296908366,True,x,2902154.0,50.35871324805669,1.5683292478575426
3,adjusted_microcanonical_mclachlan,Rosenbrock_634,17854.538135343602,False,x,2902154.0,50.35871324805669,1.5683292478575426
