,Sampler,Model,num_grads_to_low_error,ess_corr,max,statistic,num_tuning_grads,L,step_size
0,adjusted_hmc_velocity_verlet,Rosenbrock_200,301891.53980094445,,True,identity,1726297.6666666665,2.0,0.023475710295985778
1,adjusted_hmc_velocity_verlet,Rosenbrock_200,33231.07550730125,,False,identity,1726297.6666666665,2.0,0.023475710295985778
2,adjusted_hmc_velocity_verlet,Rosenbrock_200,412150.5441764517,,True,square,1726297.6666666665,2.0,0.023475710295985778
3,adjusted_hmc_velocity_verlet,Rosenbrock_200,144086.53508422157,,False,square,1726297.6666666665,2.0,0.023475710295985778
