,Sampler,Model,num_grads_to_low_error,ess_corr,max,statistic,num_tuning_grads,L,step_size
0,adjusted_microcanonical_velocity_verlet,Rosenbrock_4,31882.584792160786,,True,identity,554995.2913385826,5.653504655885876,0.16976215241310694
1,adjusted_microcanonical_velocity_verlet,Rosenbrock_4,9591.511357809377,,False,identity,554995.2913385826,5.653504655885876,0.16976215241310694
2,adjusted_microcanonical_velocity_verlet,Rosenbrock_4,39602.581738690285,,True,square,554995.2913385826,5.653504655885876,0.16976215241310694
3,adjusted_microcanonical_velocity_verlet,Rosenbrock_4,52302.14381523232,,False,square,554995.2913385826,5.653504655885876,0.16976215241310694
