,Sampler,Model,num_grads_to_low_error,ess_corr,max,statistic,num_tuning_grads,L,step_size
0,adjusted_microcanonical_velocity_verlet,Rosenbrock_4310,1188415.7757229537,,True,identity,4071914.75,185.68791021496256,1.0625684749577844
1,adjusted_microcanonical_velocity_verlet,Rosenbrock_4310,65731.7345795573,,False,identity,4071914.75,185.68791021496256,1.0625684749577844
2,adjusted_microcanonical_velocity_verlet,Rosenbrock_4310,1612525.3185155229,,True,square,4071914.75,185.68791021496256,1.0625684749577844
3,adjusted_microcanonical_velocity_verlet,Rosenbrock_4310,288450.43100071687,,False,square,4071914.75,185.68791021496256,1.0625684749577844
