,Sampler,Model,num_grads_to_low_error,ess_corr,max,statistic,num_tuning_grads,L,step_size
0,adjusted_microcanonical_velocity_verlet,Rosenbrock_16,68430.65703410201,,True,identity,932846.8333333334,11.313708498984761,0.2595696395813348
1,adjusted_microcanonical_velocity_verlet,Rosenbrock_16,15395.807478035698,,False,identity,932846.8333333334,11.313708498984761,0.2595696395813348
2,adjusted_microcanonical_velocity_verlet,Rosenbrock_16,88798.48165801894,,True,square,932846.8333333334,11.313708498984761,0.2595696395813348
3,adjusted_microcanonical_velocity_verlet,Rosenbrock_16,66206.33357410252,,False,square,932846.8333333334,11.313708498984761,0.2595696395813348
