,Sampler,Model,num_grads_to_low_error,max,statistic,num_tuning_grads,L,step_size
0,adjusted_microcanonical_omelyan,Rosenbrock_8,72166.17428845589,True,x2,1673074.0697674418,5.65685424949238,0.4134935633719376
1,adjusted_microcanonical_omelyan,Rosenbrock_8,29167.732682051435,False,x2,1673074.0697674418,5.65685424949238,0.4134935633719376
2,adjusted_microcanonical_omelyan,Rosenbrock_8,64018.38041717862,True,x,1673074.0697674418,5.65685424949238,0.4134935633719376
3,adjusted_microcanonical_omelyan,Rosenbrock_8,20814.532242590696,False,x,1673074.0697674418,5.65685424949238,0.4134935633719376
