,Sampler,Model,num_grads_to_low_error,ess_corr,max,statistic,num_tuning_grads,L,step_size
0,adjusted_microcanonical_velocity_verlet,Rosenbrock_10,57589.93846856872,,True,identity,797198.0384615385,8.944271909999154,0.22744377223917958
1,adjusted_microcanonical_velocity_verlet,Rosenbrock_10,12872.118851142837,,False,identity,797198.0384615385,8.944271909999154,0.22744377223917958
2,adjusted_microcanonical_velocity_verlet,Rosenbrock_10,76051.7847718898,,True,square,797198.0384615385,8.944271909999154,0.22744377223917958
3,adjusted_microcanonical_velocity_verlet,Rosenbrock_10,68178.92920544157,,False,square,797198.0384615385,8.944271909999154,0.22744377223917958
