,Sampler,Model,num_grads_to_low_error,ess_corr,max,statistic,num_tuning_grads,L,step_size
0,adjusted_malt,Rosenbrock_8,32695.893240522433,,True,identity,504688.3100775194,2.0,0.05824024702578239
1,adjusted_malt,Rosenbrock_8,11551.861334190891,,False,identity,504688.3100775194,2.0,0.05824024702578239
2,adjusted_malt,Rosenbrock_8,37749.832574230946,,True,square,504688.3100775194,2.0,0.05824024702578239
3,adjusted_malt,Rosenbrock_8,12927.082921594569,,False,square,504688.3100775194,2.0,0.05824024702578239
