,Sampler,Model,num_grads_to_low_error,ess_corr,max,statistic,num_tuning_grads,L,step_size
0,adjusted_hmc_mclachlan,Rosenbrock_634,242557.96397619596,,True,identity,2895220.4000000004,2.0,0.0653933663333941
1,adjusted_hmc_mclachlan,Rosenbrock_634,17801.85813797554,,False,identity,2895220.4000000004,2.0,0.0653933663333941
2,adjusted_hmc_mclachlan,Rosenbrock_634,343251.63578068995,,True,square,2895220.4000000004,2.0,0.0653933663333941
3,adjusted_hmc_mclachlan,Rosenbrock_634,24102.859472035616,,False,square,2895220.4000000004,2.0,0.0653933663333941
