,Sampler,Model,num_grads_to_low_error,ess_corr,max,statistic,num_tuning_grads,L,step_size
0,adjusted_malt,Rosenbrock_18,62930.38386944484,,True,identity,739107.8813559322,2.0,0.045515781262661904
1,adjusted_malt,Rosenbrock_18,13852.60022283377,,False,identity,739107.8813559322,2.0,0.045515781262661904
2,adjusted_malt,Rosenbrock_18,68559.37697586618,,True,square,739107.8813559322,2.0,0.045515781262661904
3,adjusted_malt,Rosenbrock_18,19085.804751459862,,False,square,739107.8813559322,2.0,0.045515781262661904
