,Sampler,Model,num_grads_to_low_error,max,statistic,num_tuning_grads,L,step_size
0,adjusted_microcanonical_velocity_verlet,Rosenbrock_2000,811687.5053332896,True,x2,2400561.0,89.44271909999159,0.7360220926128136
1,adjusted_microcanonical_velocity_verlet,Rosenbrock_2000,48268.41516137148,False,x2,2400561.0,89.44271909999159,0.7360220926128136
2,adjusted_microcanonical_velocity_verlet,Rosenbrock_2000,550162.6665118537,True,x,2400561.0,89.44271909999159,0.7360220926128136
3,adjusted_microcanonical_velocity_verlet,Rosenbrock_2000,34894.295091470056,False,x,2400561.0,89.44271909999159,0.7360220926128136
