,Sampler,Model,num_grads_to_low_error,ess_corr,max,statistic,num_tuning_grads,L,step_size
0,adjusted_hmc_mclachlan,Rosenbrock_200,177264.47300009968,,True,identity,2007055.5555555555,2.0,0.07517017601392169
1,adjusted_hmc_mclachlan,Rosenbrock_200,15166.729151914862,,False,identity,2007055.5555555555,2.0,0.07517017601392169
2,adjusted_hmc_mclachlan,Rosenbrock_200,223403.25957803015,,True,square,2007055.5555555555,2.0,0.07517017601392169
3,adjusted_hmc_mclachlan,Rosenbrock_200,21552.72037377375,,False,square,2007055.5555555555,2.0,0.07517017601392169
