,Sampler,Model,num_grads_to_low_error,ess_corr,max,statistic,num_tuning_grads,L,step_size
0,adjusted_malt,Rosenbrock_12,76470.1911889686,,True,identity,822658.2183908046,2.0,0.041896422397844024
1,adjusted_malt,Rosenbrock_12,22926.728151595835,,False,identity,822658.2183908046,2.0,0.041896422397844024
2,adjusted_malt,Rosenbrock_12,90847.1603006985,,True,square,822658.2183908046,2.0,0.041896422397844024
3,adjusted_malt,Rosenbrock_12,84016.90587220223,,False,square,822658.2183908046,2.0,0.041896422397844024
