,Sampler,Model,num_grads_to_low_error,max,statistic,num_tuning_grads,L,step_size
0,adjusted_microcanonical_velocity_verlet,Rosenbrock_18,77716.86778118828,True,x2,689529.4915254237,8.48528137423857,0.22448169200128626
1,adjusted_microcanonical_velocity_verlet,Rosenbrock_18,16186.286817687876,False,x2,689529.4915254237,8.48528137423857,0.22448169200128626
2,adjusted_microcanonical_velocity_verlet,Rosenbrock_18,52794.524293206254,True,x,689529.4915254237,8.48528137423857,0.22448169200128626
3,adjusted_microcanonical_velocity_verlet,Rosenbrock_18,12253.1703946983,False,x,689529.4915254237,8.48528137423857,0.22448169200128626
