,Sampler,Model,num_grads_to_low_error,ess_corr,max,statistic,num_tuning_grads,L,step_size
0,adjusted_microcanonical_velocity_verlet,Rosenbrock_6,40186.25984233026,,True,identity,658768.4470588235,6.928203230275508,0.19563544309232725
1,adjusted_microcanonical_velocity_verlet,Rosenbrock_6,12343.176015119974,,False,identity,658768.4470588235,6.928203230275508,0.19563544309232725
2,adjusted_microcanonical_velocity_verlet,Rosenbrock_6,49869.26861281231,,True,square,658768.4470588235,6.928203230275508,0.19563544309232725
3,adjusted_microcanonical_velocity_verlet,Rosenbrock_6,52813.187030211615,,False,square,658768.4470588235,6.928203230275508,0.19563544309232725
