,Sampler,Model,num_grads_to_low_error,ess_corr,max,statistic,num_tuning_grads,L,step_size
0,nuts_velocity_verlet,Rosenbrock_4,inf,,True,covariance,122564.89763779528,2.5546883158798956,0.08801282006004273
1,nuts_velocity_verlet,Rosenbrock_4,inf,,False,covariance,122564.89763779528,2.5546883158798956,0.08801282006004273
2,nuts_velocity_verlet,Rosenbrock_4,33486.89084645669,,True,identity,122564.89763779528,2.5546883158798956,0.08801282006004273
3,nuts_velocity_verlet,Rosenbrock_4,14109.143343307087,,False,identity,122564.89763779528,2.5546883158798956,0.08801282006004273
4,nuts_velocity_verlet,Rosenbrock_4,41553.51077480315,,True,square,122564.89763779528,2.5546883158798956,0.08801282006004273
5,nuts_velocity_verlet,Rosenbrock_4,16311.836607874016,,False,square,122564.89763779528,2.5546883158798956,0.08801282006004273
