,Sampler,Model,num_grads_to_low_error,ess_corr,max,statistic,num_tuning_grads,L,step_size
0,nuts_velocity_verlet,Rosenbrock_6,45752.02305882353,,True,identity,180835.4705882353,3.111278895624292,0.07251052840741236
1,nuts_velocity_verlet,Rosenbrock_6,14989.23422117647,,False,identity,180835.4705882353,3.111278895624292,0.07251052840741236
2,nuts_velocity_verlet,Rosenbrock_6,47799.97075764706,,True,square,180835.4705882353,3.111278895624292,0.07251052840741236
3,nuts_velocity_verlet,Rosenbrock_6,19085.12961882353,,False,square,180835.4705882353,3.111278895624292,0.07251052840741236
