,Sampler,Model,num_grads_to_low_error,ess_corr,max,statistic,num_tuning_grads,L,step_size
0,nuts_velocity_verlet,Rosenbrock_16,92038.47619696971,,True,identity,365061.80303030304,4.668285466335929,0.05343270931404444
1,nuts_velocity_verlet,Rosenbrock_16,21884.508242424246,,False,identity,365061.80303030304,4.668285466335929,0.05343270931404444
2,nuts_velocity_verlet,Rosenbrock_16,96097.69950000003,,True,square,365061.80303030304,4.668285466335929,0.05343270931404444
3,nuts_velocity_verlet,Rosenbrock_16,27885.09921212122,,False,square,365061.80303030304,4.668285466335929,0.05343270931404444
