,Sampler,Model,num_grads_to_low_error,grads_to_low_error_std,ess_corr,max,statistic,num_tuning_grads,L,step_size,batch_size
0,adjusted_canonical_langevin_alba_mclachlan_precond:False,ICG_10000_100,9922.294066474575,1247.7043633810054,,True,identity,10056.125,0.451775327128531,0.8823697984369182,16
1,adjusted_canonical_langevin_alba_mclachlan_precond:False,ICG_10000_100,525.4606024673744,2.2957351763650786,,False,identity,10056.125,0.451775327128531,0.8823697984369182,16
2,adjusted_canonical_langevin_alba_mclachlan_precond:False,ICG_10000_100,5090.719676925636,375.11308748162867,,True,square,10056.125,0.451775327128531,0.8823697984369182,16
3,adjusted_canonical_langevin_alba_mclachlan_precond:False,ICG_10000_100,279.631080845211,2.1964516839666657,,False,square,10056.125,0.451775327128531,0.8823697984369182,16
