,Sampler,Model,num_grads_to_low_error,grads_to_low_error_std,ess_corr,max,statistic,num_tuning_grads,L,step_size,batch_size
0,adjusted_canonical_nolangevin_alba_mclachlan_precond:True,ICG_10000_100,5984.37947922648,349.80740115097626,,True,identity,10059.125,0.440829172631102,0.9551389630134212,16
1,adjusted_canonical_nolangevin_alba_mclachlan_precond:True,ICG_10000_100,383.08151841415844,3.528441582341984,,False,identity,10059.125,0.440829172631102,0.9551389630134212,16
2,adjusted_canonical_nolangevin_alba_mclachlan_precond:True,ICG_10000_100,3462.5030736662848,229.90565434542924,,True,square,10059.125,0.440829172631102,0.9551389630134212,16
3,adjusted_canonical_nolangevin_alba_mclachlan_precond:True,ICG_10000_100,208.61788713638506,4.527018886640523,,False,square,10059.125,0.440829172631102,0.9551389630134212,16
