,Sampler,Model,num_grads_to_low_error,grads_to_low_error_std,ess_corr,max,statistic,num_tuning_grads,L,step_size,batch_size
0,adjusted_canonical_langevin_alba_mclachlan_precond:True,ICG_10000_100,6150.021123853531,299.2363071219801,,True,identity,10048.125,0.440829172631102,0.9538966726468209,16
1,adjusted_canonical_langevin_alba_mclachlan_precond:True,ICG_10000_100,391.88592673788656,1.3964240043768938,,False,identity,10048.125,0.440829172631102,0.9538966726468209,16
2,adjusted_canonical_langevin_alba_mclachlan_precond:True,ICG_10000_100,3642.5057482877614,102.47982045261399,,True,square,10048.125,0.440829172631102,0.9538966726468209,16
3,adjusted_canonical_langevin_alba_mclachlan_precond:True,ICG_10000_100,214.4281485924285,4.0990120760983375,,False,square,10048.125,0.440829172631102,0.9538966726468209,16
