,Sampler,Model,num_grads_to_low_error,grads_to_low_error_std,ess_corr,max,statistic,num_tuning_grads,L,step_size,batch_size
0,adjusted_microcanonical_nolangevin_alba_mclachlan_precond:True,ICG_10000_100,12586.825816950022,80.30883139480987,,True,identity,597161.75,199.59216999857577,45.09930254306499,16
1,adjusted_microcanonical_nolangevin_alba_mclachlan_precond:True,ICG_10000_100,699.760196719952,4.873233013103314,,False,identity,597161.75,199.59216999857577,45.09930254306499,16
2,adjusted_microcanonical_nolangevin_alba_mclachlan_precond:True,ICG_10000_100,57619.49467928212,349.79341388882665,,True,square,597161.75,199.59216999857577,45.09930254306499,16
3,adjusted_microcanonical_nolangevin_alba_mclachlan_precond:True,ICG_10000_100,3419.08146751774,6.562583332804239,,False,square,597161.75,199.59216999857577,45.09930254306499,16
