,Sampler,Model,num_grads_to_low_error,grads_to_low_error_std,ess_corr,max,statistic,num_tuning_grads,L,step_size,batch_size
0,adjusted_canonical_langevin_alba_velocity verlet_precond:True,ICG_10000_100,103134.78598765166,1294.8242350218811,,True,identity,20266.5,0.5572301941304378,0.1408863275092572,16
1,adjusted_canonical_langevin_alba_velocity verlet_precond:True,ICG_10000_100,6293.8684556155795,33.95021502141039,,False,identity,20266.5,0.5572301941304378,0.1408863275092572,16
2,adjusted_canonical_langevin_alba_velocity verlet_precond:True,ICG_10000_100,54880.475854654265,450.0366091775201,,True,square,20266.5,0.5572301941304378,0.1408863275092572,16
3,adjusted_canonical_langevin_alba_velocity verlet_precond:True,ICG_10000_100,3228.0305844012023,17.30388395707738,,False,square,20266.5,0.5572301941304378,0.1408863275092572,16
