,Sampler,Model,num_grads_to_low_error,ess_corr,max,statistic,num_tuning_grads,L,step_size
0,nuts,BimodalGaussian,210758.93044765625,,True,square,39811.87744140625,4.34627642453205,0.4562442705519122
1,nuts,BimodalGaussian,21043.917481640627,,False,square,39811.87744140625,4.34627642453205,0.4562442705519122
