,Sampler,Model,num_grads_to_low_error,max,statistic,num_tuning_grads,L,step_size
0,adjusted_microcanonical,Neals_Funnel,1500267.2883888083,True,x2,2015356.3854166665,8.630778086862692,0.049735207122075756
1,adjusted_microcanonical,Neals_Funnel,72474.21498595366,False,x2,2015356.3854166665,8.630778086862692,0.049735207122075756
2,adjusted_microcanonical,Neals_Funnel,inf,True,x,2015356.3854166665,8.630778086862692,0.049735207122075756
3,adjusted_microcanonical,Neals_Funnel,inf,False,x,2015356.3854166665,8.630778086862692,0.049735207122075756
